date,tmax_f,source
2022-01-01,41,GHCND:USW00014819
2022-01-02,32,GHCND:USW00014819
2022-01-03,24,GHCND:USW00014819
2022-01-04,36,GHCND:USW00014819
2022-01-05,35,GHCND:USW00014819
2022-01-06,16,GHCND:USW00014819
2022-01-07,15,GHCND:USW00014819
2022-01-08,36,GHCND:USW00014819
2022-01-09,37,GHCND:USW00014819
2022-01-10,20,GHCND:USW00014819
2022-01-11,38,GHCND:USW00014819
2022-01-12,42,GHCND:USW00014819
2022-01-13,41,GHCND:USW00014819
2022-01-14,38,GHCND:USW00014819
2022-01-15,28,GHCND:USW00014819
2022-01-16,30,GHCND:USW00014819
2022-01-17,30,GHCND:USW00014819
2022-01-18,45,GHCND:USW00014819
2022-01-19,43,GHCND:USW00014819
2022-01-20,22,GHCND:USW00014819
2022-01-21,27,GHCND:USW00014819
2022-01-22,36,GHCND:USW00014819
2022-01-23,25,GHCND:USW00014819
2022-01-24,29,GHCND:USW00014819
2022-01-25,15,GHCND:USW00014819
2022-01-26,15,GHCND:USW00014819
2022-01-27,33,GHCND:USW00014819
2022-01-28,29,GHCND:USW00014819
2022-01-29,23,GHCND:USW00014819
2022-01-30,33,GHCND:USW00014819
2022-01-31,35,GHCND:USW00014819
2022-02-01,49,GHCND:USW00014819
2022-02-02,33,GHCND:USW00014819
2022-02-03,27,GHCND:USW00014819
2022-02-04,26,GHCND:USW00014819
2022-02-05,19,GHCND:USW00014819
2022-02-06,33,GHCND:USW00014819
2022-02-07,32,GHCND:USW00014819
2022-02-08,41,GHCND:USW00014819
2022-02-09,42,GHCND:USW00014819
2022-02-10,36,GHCND:USW00014819
2022-02-11,45,GHCND:USW00014819
2022-02-12,31,GHCND:USW00014819
2022-02-13,21,GHCND:USW00014819
2022-02-14,27,GHCND:USW00014819
2022-02-15,46,GHCND:USW00014819
2022-02-16,54,GHCND:USW00014819
2022-02-17,43,GHCND:USW00014819
2022-02-18,32,GHCND:USW00014819
2022-02-19,29,GHCND:USW00014819
2022-02-20,49,GHCND:USW00014819
2022-02-21,54,GHCND:USW00014819
2022-02-22,54,GHCND:USW00014819
2022-02-23,26,GHCND:USW00014819
2022-02-24,29,GHCND:USW00014819
2022-02-25,31,GHCND:USW00014819
2022-02-26,33,GHCND:USW00014819
2022-02-27,46,GHCND:USW00014819
2022-02-28,55,GHCND:USW00014819
2022-03-01,52,GHCND:USW00014819
2022-03-02,60,GHCND:USW00014819
2022-03-03,38,GHCND:USW00014819
2022-03-04,43,GHCND:USW00014819
2022-03-05,71,GHCND:USW00014819
2022-03-06,61,GHCND:USW00014819
2022-03-07,38,GHCND:USW00014819
2022-03-08,42,GHCND:USW00014819
2022-03-09,44,GHCND:USW00014819
2022-03-10,33,GHCND:USW00014819
2022-03-11,33,GHCND:USW00014819
2022-03-12,24,GHCND:USW00014819
2022-03-13,53,GHCND:USW00014819
2022-03-14,65,GHCND:USW00014819
2022-03-15,55,GHCND:USW00014819
2022-03-16,72,GHCND:USW00014819
2022-03-17,74,GHCND:USW00014819
2022-03-18,50,GHCND:USW00014819
2022-03-19,44,GHCND:USW00014819
2022-03-20,65,GHCND:USW00014819
2022-03-21,77,GHCND:USW00014819
2022-03-22,62,GHCND:USW00014819
2022-03-23,60,GHCND:USW00014819
2022-03-24,46,GHCND:USW00014819
2022-03-25,50,GHCND:USW00014819
2022-03-26,36,GHCND:USW00014819
2022-03-27,38,GHCND:USW00014819
2022-03-28,35,GHCND:USW00014819
2022-03-29,45,GHCND:USW00014819
2022-03-30,64,GHCND:USW00014819
2022-03-31,50,GHCND:USW00014819
2022-04-01,47,GHCND:USW00014819
2022-04-02,45,GHCND:USW00014819
2022-04-03,49,GHCND:USW00014819
2022-04-04,55,GHCND:USW00014819
2022-04-05,55,GHCND:USW00014819
2022-04-06,59,GHCND:USW00014819
2022-04-07,46,GHCND:USW00014819
2022-04-08,43,GHCND:USW00014819
2022-04-09,50,GHCND:USW00014819
2022-04-10,64,GHCND:USW00014819
2022-04-11,63,GHCND:USW00014819
2022-04-12,72,GHCND:USW00014819
2022-04-13,72,GHCND:USW00014819
2022-04-14,55,GHCND:USW00014819
2022-04-15,56,GHCND:USW00014819
2022-04-16,51,GHCND:USW00014819
2022-04-17,43,GHCND:USW00014819
2022-04-18,42,GHCND:USW00014819
2022-04-19,51,GHCND:USW00014819
2022-04-20,56,GHCND:USW00014819
2022-04-21,71,GHCND:USW00014819
2022-04-22,61,GHCND:USW00014819
2022-04-23,86,GHCND:USW00014819
2022-04-24,75,GHCND:USW00014819
2022-04-25,58,GHCND:USW00014819
2022-04-26,54,GHCND:USW00014819
2022-04-27,44,GHCND:USW00014819
2022-04-28,52,GHCND:USW00014819
2022-04-29,70,GHCND:USW00014819
2022-04-30,73,GHCND:USW00014819
2022-05-01,59,GHCND:USW00014819
2022-05-02,56,GHCND:USW00014819
2022-05-03,52,GHCND:USW00014819
2022-05-04,57,GHCND:USW00014819
2022-05-05,54,GHCND:USW00014819
2022-05-06,54,GHCND:USW00014819
2022-05-07,65,GHCND:USW00014819
2022-05-08,69,GHCND:USW00014819
2022-05-09,85,GHCND:USW00014819
2022-05-10,92,GHCND:USW00014819
2022-05-11,91,GHCND:USW00014819
2022-05-12,95,GHCND:USW00014819
2022-05-13,93,GHCND:USW00014819
2022-05-14,85,GHCND:USW00014819
2022-05-15,79,GHCND:USW00014819
2022-05-16,80,GHCND:USW00014819
2022-05-17,67,GHCND:USW00014819
2022-05-18,64,GHCND:USW00014819
2022-05-19,88,GHCND:USW00014819
2022-05-20,89,GHCND:USW00014819
2022-05-21,64,GHCND:USW00014819
2022-05-22,65,GHCND:USW00014819
2022-05-23,63,GHCND:USW00014819
2022-05-24,68,GHCND:USW00014819
2022-05-25,83,GHCND:USW00014819
2022-05-26,79,GHCND:USW00014819
2022-05-27,65,GHCND:USW00014819
2022-05-28,76,GHCND:USW00014819
2022-05-29,87,GHCND:USW00014819
2022-05-30,92,GHCND:USW00014819
2022-05-31,90,GHCND:USW00014819
2022-06-01,79,GHCND:USW00014819
2022-06-02,79,GHCND:USW00014819
2022-06-03,83,GHCND:USW00014819
2022-06-04,72,GHCND:USW00014819
2022-06-05,81,GHCND:USW00014819
2022-06-06,76,GHCND:USW00014819
2022-06-07,71,GHCND:USW00014819
2022-06-08,72,GHCND:USW00014819
2022-06-09,80,GHCND:USW00014819
2022-06-10,82,GHCND:USW00014819
2022-06-11,76,GHCND:USW00014819
2022-06-12,74,GHCND:USW00014819
2022-06-13,93,GHCND:USW00014819
2022-06-14,100,GHCND:USW00014819
2022-06-15,100,GHCND:USW00014819
2022-06-16,97,GHCND:USW00014819
2022-06-17,88,GHCND:USW00014819
2022-06-18,76,GHCND:USW00014819
2022-06-19,88,GHCND:USW00014819
2022-06-20,97,GHCND:USW00014819
2022-06-21,101,GHCND:USW00014819
2022-06-22,92,GHCND:USW00014819
2022-06-23,85,GHCND:USW00014819
2022-06-24,93,GHCND:USW00014819
2022-06-25,81,GHCND:USW00014819
2022-06-26,83,GHCND:USW00014819
2022-06-27,81,GHCND:USW00014819
2022-06-28,88,GHCND:USW00014819
2022-06-29,89,GHCND:USW00014819
2022-06-30,94,GHCND:USW00014819
2022-07-01,85,GHCND:USW00014819
2022-07-02,86,GHCND:USW00014819
2022-07-03,88,GHCND:USW00014819
2022-07-04,90,GHCND:USW00014819
2022-07-05,95,GHCND:USW00014819
2022-07-06,82,GHCND:USW00014819
2022-07-07,86,GHCND:USW00014819
2022-07-08,81,GHCND:USW00014819
2022-07-09,79,GHCND:USW00014819
2022-07-10,88,GHCND:USW00014819
2022-07-11,87,GHCND:USW00014819
2022-07-12,88,GHCND:USW00014819
2022-07-13,85,GHCND:USW00014819
2022-07-14,82,GHCND:USW00014819
2022-07-15,76,GHCND:USW00014819
2022-07-16,78,GHCND:USW00014819
2022-07-17,77,GHCND:USW00014819
2022-07-18,91,GHCND:USW00014819
2022-07-19,91,GHCND:USW00014819
2022-07-20,89,GHCND:USW00014819
2022-07-21,94,GHCND:USW00014819
2022-07-22,92,GHCND:USW00014819
2022-07-23,88,GHCND:USW00014819
2022-07-24,88,GHCND:USW00014819
2022-07-25,79,GHCND:USW00014819
2022-07-26,83,GHCND:USW00014819
2022-07-27,87,GHCND:USW00014819
2022-07-28,83,GHCND:USW00014819
2022-07-29,83,GHCND:USW00014819
2022-07-30,85,GHCND:USW00014819
2022-07-31,86,GHCND:USW00014819
2022-08-01,89,GHCND:USW00014819
2022-08-02,91,GHCND:USW00014819
2022-08-03,95,GHCND:USW00014819
2022-08-04,85,GHCND:USW00014819
2022-08-05,88,GHCND:USW00014819
2022-08-06,95,GHCND:USW00014819
2022-08-07,84,GHCND:USW00014819
2022-08-08,84,GHCND:USW00014819
2022-08-09,78,GHCND:USW00014819
2022-08-10,87,GHCND:USW00014819
2022-08-11,80,GHCND:USW00014819
2022-08-12,81,GHCND:USW00014819
2022-08-13,80,GHCND:USW00014819
2022-08-14,80,GHCND:USW00014819
2022-08-15,81,GHCND:USW00014819
2022-08-16,84,GHCND:USW00014819
2022-08-17,84,GHCND:USW00014819
2022-08-18,86,GHCND:USW00014819
2022-08-19,88,GHCND:USW00014819
2022-08-20,79,GHCND:USW00014819
2022-08-21,81,GHCND:USW00014819
2022-08-22,84,GHCND:USW00014819
2022-08-23,86,GHCND:USW00014819
2022-08-24,87,GHCND:USW00014819
2022-08-25,83,GHCND:USW00014819
2022-08-26,80,GHCND:USW00014819
2022-08-27,84,GHCND:USW00014819
2022-08-28,92,GHCND:USW00014819
2022-08-29,87,GHCND:USW00014819
2022-08-30,82,GHCND:USW00014819
2022-08-31,87,GHCND:USW00014819
2022-09-01,90,GHCND:USW00014819
2022-09-02,88,GHCND:USW00014819
2022-09-03,91,GHCND:USW00014819
2022-09-04,75,GHCND:USW00014819
2022-09-05,73,GHCND:USW00014819
2022-09-06,81,GHCND:USW00014819
2022-09-07,83,GHCND:USW00014819
2022-09-08,86,GHCND:USW00014819
2022-09-09,87,GHCND:USW00014819
2022-09-10,87,GHCND:USW00014819
2022-09-11,74,GHCND:USW00014819
2022-09-12,68,GHCND:USW00014819
2022-09-13,80,GHCND:USW00014819
2022-09-14,81,GHCND:USW00014819
2022-09-15,84,GHCND:USW00014819
2022-09-16,85,GHCND:USW00014819
2022-09-17,88,GHCND:USW00014819
2022-09-18,87,GHCND:USW00014819
2022-09-19,79,GHCND:USW00014819
2022-09-20,94,GHCND:USW00014819
2022-09-21,89,GHCND:USW00014819
2022-09-22,67,GHCND:USW00014819
2022-09-23,65,GHCND:USW00014819
2022-09-24,75,GHCND:USW00014819
2022-09-25,69,GHCND:USW00014819
2022-09-26,65,GHCND:USW00014819
2022-09-27,63,GHCND:USW00014819
2022-09-28,63,GHCND:USW00014819
2022-09-29,64,GHCND:USW00014819
2022-09-30,67,GHCND:USW00014819
2022-10-01,70,GHCND:USW00014819
2022-10-02,69,GHCND:USW00014819
2022-10-03,69,GHCND:USW00014819
2022-10-04,76,GHCND:USW00014819
2022-10-05,78,GHCND:USW00014819
2022-10-06,77,GHCND:USW00014819
2022-10-07,58,GHCND:USW00014819
2022-10-08,60,GHCND:USW00014819
2022-10-09,71,GHCND:USW00014819
2022-10-10,76,GHCND:USW00014819
2022-10-11,71,GHCND:USW00014819
2022-10-12,65,GHCND:USW00014819
2022-10-13,59,GHCND:USW00014819
2022-10-14,63,GHCND:USW00014819
2022-10-15,55,GHCND:USW00014819
2022-10-16,57,GHCND:USW00014819
2022-10-17,45,GHCND:USW00014819
2022-10-18,50,GHCND:USW00014819
2022-10-19,50,GHCND:USW00014819
2022-10-20,63,GHCND:USW00014819
2022-10-21,78,GHCND:USW00014819
2022-10-22,82,GHCND:USW00014819
2022-10-23,81,GHCND:USW00014819
2022-10-24,79,GHCND:USW00014819
2022-10-25,71,GHCND:USW00014819
2022-10-26,57,GHCND:USW00014819
2022-10-27,54,GHCND:USW00014819
2022-10-28,61,GHCND:USW00014819
2022-10-29,67,GHCND:USW00014819
2022-10-30,67,GHCND:USW00014819
2022-10-31,61,GHCND:USW00014819
2022-11-01,70,GHCND:USW00014819
2022-11-02,74,GHCND:USW00014819
2022-11-03,75,GHCND:USW00014819
2022-11-04,76,GHCND:USW00014819
2022-11-05,71,GHCND:USW00014819
2022-11-06,64,GHCND:USW00014819
2022-11-07,58,GHCND:USW00014819
2022-11-08,54,GHCND:USW00014819
2022-11-09,70,GHCND:USW00014819
2022-11-10,76,GHCND:USW00014819
2022-11-11,60,GHCND:USW00014819
2022-11-12,37,GHCND:USW00014819
2022-11-13,36,GHCND:USW00014819
2022-11-14,41,GHCND:USW00014819
2022-11-15,37,GHCND:USW00014819
2022-11-16,35,GHCND:USW00014819
2022-11-17,34,GHCND:USW00014819
2022-11-18,30,GHCND:USW00014819
2022-11-19,27,GHCND:USW00014819
2022-11-20,33,GHCND:USW00014819
2022-11-21,47,GHCND:USW00014819
2022-11-22,52,GHCND:USW00014819
2022-11-23,59,GHCND:USW00014819
2022-11-24,53,GHCND:USW00014819
2022-11-25,52,GHCND:USW00014819
2022-11-26,56,GHCND:USW00014819
2022-11-27,46,GHCND:USW00014819
2022-11-28,46,GHCND:USW00014819
2022-11-29,59,GHCND:USW00014819
2022-11-30,35,GHCND:USW00014819
2022-12-01,37,GHCND:USW00014819
2022-12-02,52,GHCND:USW00014819
2022-12-03,52,GHCND:USW00014819
2022-12-04,40,GHCND:USW00014819
2022-12-05,44,GHCND:USW00014819
2022-12-06,44,GHCND:USW00014819
2022-12-07,43,GHCND:USW00014819
2022-12-08,42,GHCND:USW00014819
2022-12-09,38,GHCND:USW00014819
2022-12-10,39,GHCND:USW00014819
2022-12-11,40,GHCND:USW00014819
2022-12-12,42,GHCND:USW00014819
2022-12-13,38,GHCND:USW00014819
2022-12-14,44,GHCND:USW00014819
2022-12-15,38,GHCND:USW00014819
2022-12-16,31,GHCND:USW00014819
2022-12-17,26,GHCND:USW00014819
2022-12-18,21,GHCND:USW00014819
2022-12-19,26,GHCND:USW00014819
2022-12-20,33,GHCND:USW00014819
2022-12-21,32,GHCND:USW00014819
2022-12-22,34,GHCND:USW00014819
2022-12-23,-1,GHCND:USW00014819
2022-12-24,13,GHCND:USW00014819
2022-12-25,14,GHCND:USW00014819
2022-12-26,22,GHCND:USW00014819
2022-12-27,26,GHCND:USW00014819
2022-12-28,45,GHCND:USW00014819
2022-12-29,57,GHCND:USW00014819
2022-12-30,57,GHCND:USW00014819
2022-12-31,39,GHCND:USW00014819
2023-01-01,45,GHCND:USW00014819
2023-01-02,44,GHCND:USW00014819
2023-01-03,49,GHCND:USW00014819
2023-01-04,45,GHCND:USW00014819
2023-01-05,34,GHCND:USW00014819
2023-01-06,33,GHCND:USW00014819
2023-01-07,33,GHCND:USW00014819
2023-01-08,35,GHCND:USW00014819
2023-01-09,44,GHCND:USW00014819
2023-01-10,49,GHCND:USW00014819
2023-01-11,53,GHCND:USW00014819
2023-01-12,45,GHCND:USW00014819
2023-01-13,35,GHCND:USW00014819
2023-01-14,31,GHCND:USW00014819
2023-01-15,43,GHCND:USW00014819
2023-01-16,52,GHCND:USW00014819
2023-01-17,50,GHCND:USW00014819
2023-01-18,39,GHCND:USW00014819
2023-01-19,42,GHCND:USW00014819
2023-01-20,35,GHCND:USW00014819
2023-01-21,32,GHCND:USW00014819
2023-01-22,34,GHCND:USW00014819
2023-01-23,32,GHCND:USW00014819
2023-01-24,37,GHCND:USW00014819
2023-01-25,35,GHCND:USW00014819
2023-01-26,32,GHCND:USW00014819
2023-01-27,37,GHCND:USW00014819
2023-01-28,31,GHCND:USW00014819
2023-01-29,31,GHCND:USW00014819
2023-01-30,19,GHCND:USW00014819
2023-01-31,14,GHCND:USW00014819
2023-02-01,28,GHCND:USW00014819
2023-02-02,34,GHCND:USW00014819
2023-02-03,12,GHCND:USW00014819
2023-02-04,43,GHCND:USW00014819
2023-02-05,43,GHCND:USW00014819
2023-02-06,47,GHCND:USW00014819
2023-02-07,50,GHCND:USW00014819
2023-02-08,43,GHCND:USW00014819
2023-02-09,47,GHCND:USW00014819
2023-02-10,40,GHCND:USW00014819
2023-02-11,47,GHCND:USW00014819
2023-02-12,52,GHCND:USW00014819
2023-02-13,53,GHCND:USW00014819
2023-02-14,54,GHCND:USW00014819
2023-02-15,53,GHCND:USW00014819
2023-02-16,36,GHCND:USW00014819
2023-02-17,27,GHCND:USW00014819
2023-02-18,46,GHCND:USW00014819
2023-02-19,53,GHCND:USW00014819
2023-02-20,46,GHCND:USW00014819
2023-02-21,41,GHCND:USW00014819
2023-02-22,36,GHCND:USW00014819
2023-02-23,43,GHCND:USW00014819
2023-02-24,28,GHCND:USW00014819
2023-02-25,38,GHCND:USW00014819
2023-02-26,50,GHCND:USW00014819
2023-02-27,59,GHCND:USW00014819
2023-02-28,51,GHCND:USW00014819
2023-03-01,57,GHCND:USW00014819
2023-03-02,38,GHCND:USW00014819
2023-03-03,39,GHCND:USW00014819
2023-03-04,50,GHCND:USW00014819
2023-03-05,49,GHCND:USW00014819
2023-03-06,56,GHCND:USW00014819
2023-03-07,44,GHCND:USW00014819
2023-03-08,46,GHCND:USW00014819
2023-03-09,41,GHCND:USW00014819
2023-03-10,37,GHCND:USW00014819
2023-03-11,39,GHCND:USW00014819
2023-03-12,37,GHCND:USW00014819
2023-03-13,33,GHCND:USW00014819
2023-03-14,37,GHCND:USW00014819
2023-03-15,50,GHCND:USW00014819
2023-03-16,52,GHCND:USW00014819
2023-03-17,52,GHCND:USW00014819
2023-03-18,26,GHCND:USW00014819
2023-03-19,41,GHCND:USW00014819
2023-03-20,52,GHCND:USW00014819
2023-03-21,56,GHCND:USW00014819
2023-03-22,53,GHCND:USW00014819
2023-03-23,49,GHCND:USW00014819
2023-03-24,45,GHCND:USW00014819
2023-03-25,45,GHCND:USW00014819
2023-03-26,48,GHCND:USW00014819
2023-03-27,47,GHCND:USW00014819
2023-03-28,52,GHCND:USW00014819
2023-03-29,43,GHCND:USW00014819
2023-03-30,58,GHCND:USW00014819
2023-03-31,70,GHCND:USW00014819
2023-04-01,50,GHCND:USW00014819
2023-04-02,56,GHCND:USW00014819
2023-04-03,61,GHCND:USW00014819
2023-04-04,72,GHCND:USW00014819
2023-04-05,73,GHCND:USW00014819
2023-04-06,54,GHCND:USW00014819
2023-04-07,49,GHCND:USW00014819
2023-04-08,64,GHCND:USW00014819
2023-04-09,68,GHCND:USW00014819
2023-04-10,71,GHCND:USW00014819
2023-04-11,80,GHCND:USW00014819
2023-04-12,83,GHCND:USW00014819
2023-04-13,84,GHCND:USW00014819
2023-04-14,84,GHCND:USW00014819
2023-04-15,83,GHCND:USW00014819
2023-04-16,64,GHCND:USW00014819
2023-04-17,40,GHCND:USW00014819
2023-04-18,59,GHCND:USW00014819
2023-04-19,72,GHCND:USW00014819
2023-04-20,81,GHCND:USW00014819
2023-04-21,63,GHCND:USW00014819
2023-04-22,47,GHCND:USW00014819
2023-04-23,42,GHCND:USW00014819
2023-04-24,54,GHCND:USW00014819
2023-04-25,48,GHCND:USW00014819
2023-04-26,50,GHCND:USW00014819
2023-04-27,67,GHCND:USW00014819
2023-04-28,61,GHCND:USW00014819
2023-04-29,59,GHCND:USW00014819
2023-04-30,50,GHCND:USW00014819
2023-05-01,50,GHCND:USW00014819
2023-05-02,55,GHCND:USW00014819
2023-05-03,57,GHCND:USW00014819
2023-05-04,73,GHCND:USW00014819
2023-05-05,79,GHCND:USW00014819
2023-05-06,79,GHCND:USW00014819
2023-05-07,85,GHCND:USW00014819
2023-05-08,68,GHCND:USW00014819
2023-05-09,70,GHCND:USW00014819
2023-05-10,80,GHCND:USW00014819
2023-05-11,83,GHCND:USW00014819
2023-05-12,76,GHCND:USW00014819
2023-05-13,68,GHCND:USW00014819
2023-05-14,65,GHCND:USW00014819
2023-05-15,68,GHCND:USW00014819
2023-05-16,81,GHCND:USW00014819
2023-05-17,63,GHCND:USW00014819
2023-05-18,75,GHCND:USW00014819
2023-05-19,75,GHCND:USW00014819
2023-05-20,70,GHCND:USW00014819
2023-05-21,80,GHCND:USW00014819
2023-05-22,82,GHCND:USW00014819
2023-05-23,85,GHCND:USW00014819
2023-05-24,70,GHCND:USW00014819
2023-05-25,62,GHCND:USW00014819
2023-05-26,70,GHCND:USW00014819
2023-05-27,74,GHCND:USW00014819
2023-05-28,79,GHCND:USW00014819
2023-05-29,83,GHCND:USW00014819
2023-05-30,89,GHCND:USW00014819
2023-05-31,91,GHCND:USW00014819
2023-06-01,91,GHCND:USW00014819
2023-06-02,91,GHCND:USW00014819
2023-06-03,89,GHCND:USW00014819
2023-06-04,78,GHCND:USW00014819
2023-06-05,85,GHCND:USW00014819
2023-06-06,80,GHCND:USW00014819
2023-06-07,75,GHCND:USW00014819
2023-06-08,74,GHCND:USW00014819
2023-06-09,79,GHCND:USW00014819
2023-06-10,87,GHCND:USW00014819
2023-06-11,67,GHCND:USW00014819
2023-06-12,70,GHCND:USW00014819
2023-06-13,67,GHCND:USW00014819
2023-06-14,73,GHCND:USW00014819
2023-06-15,83,GHCND:USW00014819
2023-06-16,68,GHCND:USW00014819
2023-06-17,79,GHCND:USW00014819
2023-06-18,86,GHCND:USW00014819
2023-06-19,86,GHCND:USW00014819
2023-06-20,84,GHCND:USW00014819
2023-06-21,88,GHCND:USW00014819
2023-06-22,85,GHCND:USW00014819
2023-06-23,85,GHCND:USW00014819
2023-06-24,92,GHCND:USW00014819
2023-06-25,87,GHCND:USW00014819
2023-06-26,76,GHCND:USW00014819
2023-06-27,76,GHCND:USW00014819
2023-06-28,84,GHCND:USW00014819
2023-06-29,87,GHCND:USW00014819
2023-06-30,90,GHCND:USW00014819
2023-07-01,86,GHCND:USW00014819
2023-07-02,75,GHCND:USW00014819
2023-07-03,86,GHCND:USW00014819
2023-07-04,92,GHCND:USW00014819
2023-07-05,92,GHCND:USW00014819
2023-07-06,80,GHCND:USW00014819
2023-07-07,81,GHCND:USW00014819
2023-07-08,75,GHCND:USW00014819
2023-07-09,85,GHCND:USW00014819
2023-07-10,85,GHCND:USW00014819
2023-07-11,88,GHCND:USW00014819
2023-07-12,80,GHCND:USW00014819
2023-07-13,78,GHCND:USW00014819
2023-07-14,90,GHCND:USW00014819
2023-07-15,84,GHCND:USW00014819
2023-07-16,82,GHCND:USW00014819
2023-07-17,80,GHCND:USW00014819
2023-07-18,78,GHCND:USW00014819
2023-07-19,85,GHCND:USW00014819
2023-07-20,88,GHCND:USW00014819
2023-07-21,81,GHCND:USW00014819
2023-07-22,86,GHCND:USW00014819
2023-07-23,85,GHCND:USW00014819
2023-07-24,87,GHCND:USW00014819
2023-07-25,90,GHCND:USW00014819
2023-07-26,91,GHCND:USW00014819
2023-07-27,91,GHCND:USW00014819
2023-07-28,93,GHCND:USW00014819
2023-07-29,83,GHCND:USW00014819
2023-07-30,80,GHCND:USW00014819
2023-07-31,82,GHCND:USW00014819
2023-08-01,85,GHCND:USW00014819
2023-08-02,85,GHCND:USW00014819
2023-08-03,90,GHCND:USW00014819
2023-08-04,85,GHCND:USW00014819
2023-08-05,76,GHCND:USW00014819
2023-08-06,72,GHCND:USW00014819
2023-08-07,80,GHCND:USW00014819
2023-08-08,85,GHCND:USW00014819
2023-08-09,79,GHCND:USW00014819
2023-08-10,85,GHCND:USW00014819
2023-08-11,85,GHCND:USW00014819
2023-08-12,87,GHCND:USW00014819
2023-08-13,81,GHCND:USW00014819
2023-08-14,76,GHCND:USW00014819
2023-08-15,78,GHCND:USW00014819
2023-08-16,81,GHCND:USW00014819
2023-08-17,81,GHCND:USW00014819
2023-08-18,79,GHCND:USW00014819
2023-08-19,83,GHCND:USW00014819
2023-08-20,91,GHCND:USW00014819
2023-08-21,83,GHCND:USW00014819
2023-08-22,88,GHCND:USW00014819
2023-08-23,98,GHCND:USW00014819
2023-08-24,100,GHCND:USW00014819
2023-08-25,82,GHCND:USW00014819
2023-08-26,76,GHCND:USW00014819
2023-08-27,75,GHCND:USW00014819
2023-08-28,78,GHCND:USW00014819
2023-08-29,86,GHCND:USW00014819
2023-08-30,71,GHCND:USW00014819
2023-08-31,76,GHCND:USW00014819
2023-09-01,83,GHCND:USW00014819
2023-09-02,88,GHCND:USW00014819
2023-09-03,93,GHCND:USW00014819
2023-09-04,93,GHCND:USW00014819
2023-09-05,92,GHCND:USW00014819
2023-09-06,81,GHCND:USW00014819
2023-09-07,71,GHCND:USW00014819
2023-09-08,69,GHCND:USW00014819
2023-09-09,75,GHCND:USW00014819
2023-09-10,80,GHCND:USW00014819
2023-09-11,71,GHCND:USW00014819
2023-09-12,71,GHCND:USW00014819
2023-09-13,71,GHCND:USW00014819
2023-09-14,71,GHCND:USW00014819
2023-09-15,77,GHCND:USW00014819
2023-09-16,72,GHCND:USW00014819
2023-09-17,69,GHCND:USW00014819
2023-09-18,71,GHCND:USW00014819
2023-09-19,67,GHCND:USW00014819
2023-09-20,80,GHCND:USW00014819
2023-09-21,76,GHCND:USW00014819
2023-09-22,78,GHCND:USW00014819
2023-09-23,78,GHCND:USW00014819
2023-09-24,77,GHCND:USW00014819
2023-09-25,76,GHCND:USW00014819
2023-09-26,74,GHCND:USW00014819
2023-09-27,70,GHCND:USW00014819
2023-09-28,70,GHCND:USW00014819
2023-09-29,76,GHCND:USW00014819
2023-09-30,83,GHCND:USW00014819
2023-10-01,85,GHCND:USW00014819
2023-10-02,85,GHCND:USW00014819
2023-10-03,87,GHCND:USW00014819
2023-10-04,85,GHCND:USW00014819
2023-10-05,71,GHCND:USW00014819
2023-10-06,61,GHCND:USW00014819
2023-10-07,59,GHCND:USW00014819
2023-10-08,56,GHCND:USW00014819
2023-10-09,59,GHCND:USW00014819
2023-10-10,63,GHCND:USW00014819
2023-10-11,67,GHCND:USW00014819
2023-10-12,63,GHCND:USW00014819
2023-10-13,59,GHCND:USW00014819
2023-10-14,56,GHCND:USW00014819
2023-10-15,59,GHCND:USW00014819
2023-10-16,54,GHCND:USW00014819
2023-10-17,63,GHCND:USW00014819
2023-10-18,67,GHCND:USW00014819
2023-10-19,58,GHCND:USW00014819
2023-10-20,60,GHCND:USW00014819
2023-10-21,65,GHCND:USW00014819
2023-10-22,59,GHCND:USW00014819
2023-10-23,67,GHCND:USW00014819
2023-10-24,82,GHCND:USW00014819
2023-10-25,67,GHCND:USW00014819
2023-10-26,72,GHCND:USW00014819
2023-10-27,71,GHCND:USW00014819
2023-10-28,50,GHCND:USW00014819
2023-10-29,49,GHCND:USW00014819
2023-10-30,44,GHCND:USW00014819
2023-10-31,37,GHCND:USW00014819
2023-11-01,41,GHCND:USW00014819
2023-11-02,55,GHCND:USW00014819
2023-11-03,58,GHCND:USW00014819
2023-11-04,59,GHCND:USW00014819
2023-11-05,61,GHCND:USW00014819
2023-11-06,71,GHCND:USW00014819
2023-11-07,57,GHCND:USW00014819
2023-11-08,61,GHCND:USW00014819
2023-11-09,57,GHCND:USW00014819
2023-11-10,48,GHCND:USW00014819
2023-11-11,52,GHCND:USW00014819
2023-11-12,58,GHCND:USW00014819
2023-11-13,64,GHCND:USW00014819
2023-11-14,63,GHCND:USW00014819
2023-11-15,67,GHCND:USW00014819
2023-11-16,67,GHCND:USW00014819
2023-11-17,63,GHCND:USW00014819
2023-11-18,53,GHCND:USW00014819
2023-11-19,54,GHCND:USW00014819
2023-11-20,50,GHCND:USW00014819
2023-11-21,46,GHCND:USW00014819
2023-11-22,47,GHCND:USW00014819
2023-11-23,48,GHCND:USW00014819
2023-11-24,37,GHCND:USW00014819
2023-11-25,39,GHCND:USW00014819
2023-11-26,35,GHCND:USW00014819
2023-11-27,30,GHCND:USW00014819
2023-11-28,26,GHCND:USW00014819
2023-11-29,42,GHCND:USW00014819
2023-11-30,55,GHCND:USW00014819
2023-12-01,46,GHCND:USW00014819
2023-12-02,46,GHCND:USW00014819
2023-12-03,42,GHCND:USW00014819
2023-12-04,42,GHCND:USW00014819
2023-12-05,42,GHCND:USW00014819
2023-12-06,41,GHCND:USW00014819
2023-12-07,53,GHCND:USW00014819
2023-12-08,56,GHCND:USW00014819
2023-12-09,57,GHCND:USW00014819
2023-12-10,36,GHCND:USW00014819
2023-12-11,37,GHCND:USW00014819
2023-12-12,40,GHCND:USW00014819
2023-12-13,42,GHCND:USW00014819
2023-12-14,52,GHCND:USW00014819
2023-12-15,54,GHCND:USW00014819
2023-12-16,49,GHCND:USW00014819
2023-12-17,45,GHCND:USW00014819
2023-12-18,37,GHCND:USW00014819
2023-12-19,34,GHCND:USW00014819
2023-12-20,43,GHCND:USW00014819
2023-12-21,50,GHCND:USW00014819
2023-12-22,47,GHCND:USW00014819
2023-12-23,51,GHCND:USW00014819
2023-12-24,56,GHCND:USW00014819
2023-12-25,60,GHCND:USW00014819
2023-12-26,51,GHCND:USW00014819
2023-12-27,44,GHCND:USW00014819
2023-12-28,44,GHCND:USW00014819
2023-12-29,44,GHCND:USW00014819
2023-12-30,39,GHCND:USW00014819
2023-12-31,38,GHCND:USW00014819
2024-01-01,34,GHCND:USW00014819
2024-01-02,41,GHCND:USW00014819
2024-01-03,37,GHCND:USW00014819
2024-01-04,38,GHCND:USW00014819
2024-01-05,37,GHCND:USW00014819
2024-01-06,35,GHCND:USW00014819
2024-01-07,35,GHCND:USW00014819
2024-01-08,38,GHCND:USW00014819
2024-01-09,37,GHCND:USW00014819
2024-01-10,35,GHCND:USW00014819
2024-01-11,35,GHCND:USW00014819
2024-01-12,38,GHCND:USW00014819
2024-01-13,34,GHCND:USW00014819
2024-01-14,2,GHCND:USW00014819
2024-01-15,4,GHCND:USW00014819
2024-01-16,5,GHCND:USW00014819
2024-01-17,23,GHCND:USW00014819
2024-01-18,28,GHCND:USW00014819
2024-01-19,16,GHCND:USW00014819
2024-01-20,20,GHCND:USW00014819
2024-01-21,22,GHCND:USW00014819
2024-01-22,35,GHCND:USW00014819
2024-01-23,38,GHCND:USW00014819
2024-01-24,40,GHCND:USW00014819
2024-01-25,42,GHCND:USW00014819
2024-01-26,42,GHCND:USW00014819
2024-01-27,42,GHCND:USW00014819
2024-01-28,41,GHCND:USW00014819
2024-01-29,40,GHCND:USW00014819
2024-01-30,42,GHCND:USW00014819
2024-01-31,40,GHCND:USW00014819
2024-02-01,56,GHCND:USW00014819
2024-02-02,43,GHCND:USW00014819
2024-02-03,40,GHCND:USW00014819
2024-02-04,47,GHCND:USW00014819
2024-02-05,44,GHCND:USW00014819
2024-02-06,43,GHCND:USW00014819
2024-02-07,48,GHCND:USW00014819
2024-02-08,60,GHCND:USW00014819
2024-02-09,58,GHCND:USW00014819
2024-02-10,43,GHCND:USW00014819
2024-02-11,43,GHCND:USW00014819
2024-02-12,46,GHCND:USW00014819
2024-02-13,42,GHCND:USW00014819
2024-02-14,48,GHCND:USW00014819
2024-02-15,46,GHCND:USW00014819
2024-02-16,33,GHCND:USW00014819
2024-02-17,30,GHCND:USW00014819
2024-02-18,47,GHCND:USW00014819
2024-02-19,52,GHCND:USW00014819
2024-02-20,58,GHCND:USW00014819
2024-02-21,68,GHCND:USW00014819
2024-02-22,61,GHCND:USW00014819
2024-02-23,52,GHCND:USW00014819
2024-02-24,36,GHCND:USW00014819
2024-02-25,62,GHCND:USW00014819
2024-02-26,72,GHCND:USW00014819
2024-02-27,74,GHCND:USW00014819
2024-02-28,53,GHCND:USW00014819
2024-02-29,46,GHCND:USW00014819
2024-03-01,47,GHCND:USW00014819
2024-03-02,60,GHCND:USW00014819
2024-03-03,74,GHCND:USW00014819
2024-03-04,72,GHCND:USW00014819
2024-03-05,45,GHCND:USW00014819
2024-03-06,50,GHCND:USW00014819
2024-03-07,50,GHCND:USW00014819
2024-03-08,47,GHCND:USW00014819
2024-03-09,47,GHCND:USW00014819
2024-03-10,49,GHCND:USW00014819
2024-03-11,68,GHCND:USW00014819
2024-03-12,72,GHCND:USW00014819
2024-03-13,69,GHCND:USW00014819
2024-03-14,67,GHCND:USW00014819
2024-03-15,52,GHCND:USW00014819
2024-03-16,60,GHCND:USW00014819
2024-03-17,43,GHCND:USW00014819
2024-03-18,37,GHCND:USW00014819
2024-03-19,59,GHCND:USW00014819
2024-03-20,45,GHCND:USW00014819
2024-03-21,41,GHCND:USW00014819
2024-03-22,40,GHCND:USW00014819
2024-03-23,40,GHCND:USW00014819
2024-03-24,50,GHCND:USW00014819
2024-03-25,66,GHCND:USW00014819
2024-03-26,58,GHCND:USW00014819
2024-03-27,44,GHCND:USW00014819
2024-03-28,52,GHCND:USW00014819
2024-03-29,53,GHCND:USW00014819
2024-03-30,64,GHCND:USW00014819
2024-03-31,51,GHCND:USW00014819
2024-04-01,51,GHCND:USW00014819
2024-04-02,62,GHCND:USW00014819
2024-04-03,40,GHCND:USW00014819
2024-04-04,43,GHCND:USW00014819
2024-04-05,50,GHCND:USW00014819
2024-04-06,53,GHCND:USW00014819
2024-04-07,52,GHCND:USW00014819
2024-04-08,73,GHCND:USW00014819
2024-04-09,64,GHCND:USW00014819
2024-04-10,68,GHCND:USW00014819
2024-04-11,58,GHCND:USW00014819
2024-04-12,65,GHCND:USW00014819
2024-04-13,71,GHCND:USW00014819
2024-04-14,81,GHCND:USW00014819
2024-04-15,74,GHCND:USW00014819
2024-04-16,81,GHCND:USW00014819
2024-04-17,70,GHCND:USW00014819
2024-04-18,60,GHCND:USW00014819
2024-04-19,58,GHCND:USW00014819
2024-04-20,49,GHCND:USW00014819
2024-04-21,59,GHCND:USW00014819
2024-04-22,68,GHCND:USW00014819
2024-04-23,64,GHCND:USW00014819
2024-04-24,47,GHCND:USW00014819
2024-04-25,57,GHCND:USW00014819
2024-04-26,64,GHCND:USW00014819
2024-04-27,79,GHCND:USW00014819
2024-04-28,77,GHCND:USW00014819
2024-04-29,70,GHCND:USW00014819
2024-04-30,75,GHCND:USW00014819
2024-05-01,78,GHCND:USW00014819
2024-05-02,82,GHCND:USW00014819
2024-05-03,68,GHCND:USW00014819
2024-05-04,82,GHCND:USW00014819
2024-05-05,65,GHCND:USW00014819
2024-05-06,71,GHCND:USW00014819
2024-05-07,77,GHCND:USW00014819
2024-05-08,78,GHCND:USW00014819
2024-05-09,65,GHCND:USW00014819
2024-05-10,69,GHCND:USW00014819
2024-05-11,71,GHCND:USW00014819
2024-05-12,84,GHCND:USW00014819
2024-05-13,82,GHCND:USW00014819
2024-05-14,64,GHCND:USW00014819
2024-05-15,70,GHCND:USW00014819
2024-05-16,76,GHCND:USW00014819
2024-05-17,81,GHCND:USW00014819
2024-05-18,87,GHCND:USW00014819
2024-05-19,77,GHCND:USW00014819
2024-05-20,85,GHCND:USW00014819
2024-05-21,91,GHCND:USW00014819
2024-05-22,81,GHCND:USW00014819
2024-05-23,80,GHCND:USW00014819
2024-05-24,79,GHCND:USW00014819
2024-05-25,74,GHCND:USW00014819
2024-05-26,75,GHCND:USW00014819
2024-05-27,75,GHCND:USW00014819
2024-05-28,73,GHCND:USW00014819
2024-05-29,71,GHCND:USW00014819
2024-05-30,71,GHCND:USW00014819
2024-05-31,81,GHCND:USW00014819
2024-06-01,69,GHCND:USW00014819
2024-06-02,76,GHCND:USW00014819
2024-06-03,89,GHCND:USW00014819
2024-06-04,87,GHCND:USW00014819
2024-06-05,81,GHCND:USW00014819
2024-06-06,80,GHCND:USW00014819
2024-06-07,80,GHCND:USW00014819
2024-06-08,80,GHCND:USW00014819
2024-06-09,82,GHCND:USW00014819
2024-06-10,69,GHCND:USW00014819
2024-06-11,79,GHCND:USW00014819
2024-06-12,92,GHCND:USW00014819
2024-06-13,91,GHCND:USW00014819
2024-06-14,87,GHCND:USW00014819
2024-06-15,86,GHCND:USW00014819
2024-06-16,96,GHCND:USW00014819
2024-06-17,97,GHCND:USW00014819
2024-06-18,95,GHCND:USW00014819
2024-06-19,95,GHCND:USW00014819
2024-06-20,86,GHCND:USW00014819
2024-06-21,95,GHCND:USW00014819
2024-06-22,95,GHCND:USW00014819
2024-06-23,83,GHCND:USW00014819
2024-06-24,88,GHCND:USW00014819
2024-06-25,85,GHCND:USW00014819
2024-06-26,87,GHCND:USW00014819
2024-06-27,73,GHCND:USW00014819
2024-06-28,76,GHCND:USW00014819
2024-06-29,89,GHCND:USW00014819
2024-06-30,73,GHCND:USW00014819
2024-07-01,74,GHCND:USW00014819
2024-07-02,86,GHCND:USW00014819
2024-07-03,90,GHCND:USW00014819
2024-07-04,84,GHCND:USW00014819
2024-07-05,85,GHCND:USW00014819
2024-07-06,81,GHCND:USW00014819
2024-07-07,89,GHCND:USW00014819
2024-07-08,87,GHCND:USW00014819
2024-07-09,80,GHCND:USW00014819
2024-07-10,84,GHCND:USW00014819
2024-07-11,81,GHCND:USW00014819
2024-07-12,85,GHCND:USW00014819
2024-07-13,92,GHCND:USW00014819
2024-07-14,89,GHCND:USW00014819
2024-07-15,91,GHCND:USW00014819
2024-07-16,87,GHCND:USW00014819
2024-07-17,84,GHCND:USW00014819
2024-07-18,75,GHCND:USW00014819
2024-07-19,80,GHCND:USW00014819
2024-07-20,81,GHCND:USW00014819
2024-07-21,84,GHCND:USW00014819
2024-07-22,84,GHCND:USW00014819
2024-07-23,86,GHCND:USW00014819
2024-07-24,77,GHCND:USW00014819
2024-07-25,78,GHCND:USW00014819
2024-07-26,81,GHCND:USW00014819
2024-07-27,86,GHCND:USW00014819
2024-07-28,83,GHCND:USW00014819
2024-07-29,85,GHCND:USW00014819
2024-07-30,92,GHCND:USW00014819
2024-07-31,92,GHCND:USW00014819
2024-08-01,89,GHCND:USW00014819
2024-08-02,87,GHCND:USW00014819
2024-08-03,91,GHCND:USW00014819
2024-08-04,90,GHCND:USW00014819
2024-08-05,92,GHCND:USW00014819
2024-08-06,79,GHCND:USW00014819
2024-08-07,78,GHCND:USW00014819
2024-08-08,85,GHCND:USW00014819
2024-08-09,74,GHCND:USW00014819
2024-08-10,76,GHCND:USW00014819
2024-08-11,80,GHCND:USW00014819
2024-08-12,81,GHCND:USW00014819
2024-08-13,86,GHCND:USW00014819
2024-08-14,86,GHCND:USW00014819
2024-08-15,77,GHCND:USW00014819
2024-08-16,88,GHCND:USW00014819
2024-08-17,83,GHCND:USW00014819
2024-08-18,79,GHCND:USW00014819
2024-08-19,77,GHCND:USW00014819
2024-08-20,73,GHCND:USW00014819
2024-08-21,76,GHCND:USW00014819
2024-08-22,80,GHCND:USW00014819
2024-08-23,82,GHCND:USW00014819
2024-08-24,91,GHCND:USW00014819
2024-08-25,92,GHCND:USW00014819
2024-08-26,95,GHCND:USW00014819
2024-08-27,99,GHCND:USW00014819
2024-08-28,87,GHCND:USW00014819
2024-08-29,85,GHCND:USW00014819
2024-08-30,87,GHCND:USW00014819
2024-08-31,85,GHCND:USW00014819
2024-09-01,77,GHCND:USW00014819
2024-09-02,75,GHCND:USW00014819
2024-09-03,78,GHCND:USW00014819
2024-09-04,84,GHCND:USW00014819
2024-09-05,87,GHCND:USW00014819
2024-09-06,73,GHCND:USW00014819
2024-09-07,67,GHCND:USW00014819
2024-09-08,73,GHCND:USW00014819
2024-09-09,82,GHCND:USW00014819
2024-09-10,83,GHCND:USW00014819
2024-09-11,88,GHCND:USW00014819
2024-09-12,87,GHCND:USW00014819
2024-09-13,85,GHCND:USW00014819
2024-09-14,87,GHCND:USW00014819
2024-09-15,89,GHCND:USW00014819
2024-09-16,90,GHCND:USW00014819
2024-09-17,85,GHCND:USW00014819
2024-09-18,89,GHCND:USW00014819
2024-09-19,90,GHCND:USW00014819
2024-09-20,92,GHCND:USW00014819
2024-09-21,93,GHCND:USW00014819
2024-09-22,77,GHCND:USW00014819
2024-09-23,68,GHCND:USW00014819
2024-09-24,68,GHCND:USW00014819
2024-09-25,78,GHCND:USW00014819
2024-09-26,77,GHCND:USW00014819
2024-09-27,73,GHCND:USW00014819
2024-09-28,73,GHCND:USW00014819
2024-09-29,74,GHCND:USW00014819
2024-09-30,78,GHCND:USW00014819
2024-10-01,71,GHCND:USW00014819
2024-10-02,72,GHCND:USW00014819
2024-10-03,80,GHCND:USW00014819
2024-10-04,72,GHCND:USW00014819
2024-10-05,86,GHCND:USW00014819
2024-10-06,75,GHCND:USW00014819
2024-10-07,69,GHCND:USW00014819
2024-10-08,74,GHCND:USW00014819
2024-10-09,70,GHCND:USW00014819
2024-10-10,72,GHCND:USW00014819
2024-10-11,84,GHCND:USW00014819
2024-10-12,70,GHCND:USW00014819
2024-10-13,68,GHCND:USW00014819
2024-10-14,58,GHCND:USW00014819
2024-10-15,49,GHCND:USW00014819
2024-10-16,58,GHCND:USW00014819
2024-10-17,65,GHCND:USW00014819
2024-10-18,69,GHCND:USW00014819
2024-10-19,72,GHCND:USW00014819
2024-10-20,79,GHCND:USW00014819
2024-10-21,82,GHCND:USW00014819
2024-10-22,75,GHCND:USW00014819
2024-10-23,65,GHCND:USW00014819
2024-10-24,65,GHCND:USW00014819
2024-10-25,68,GHCND:USW00014819
2024-10-26,59,GHCND:USW00014819
2024-10-27,59,GHCND:USW00014819
2024-10-28,68,GHCND:USW00014819
2024-10-29,83,GHCND:USW00014819
2024-10-30,81,GHCND:USW00014819
2024-10-31,72,GHCND:USW00014819
2024-11-01,54,GHCND:USW00014819
2024-11-02,59,GHCND:USW00014819
2024-11-03,65,GHCND:USW00014819
2024-11-04,69,GHCND:USW00014819
2024-11-05,68,GHCND:USW00014819
2024-11-06,61,GHCND:USW00014819
2024-11-07,60,GHCND:USW00014819
2024-11-08,64,GHCND:USW00014819
2024-11-09,56,GHCND:USW00014819
2024-11-10,64,GHCND:USW00014819
2024-11-11,59,GHCND:USW00014819
2024-11-12,50,GHCND:USW00014819
2024-11-13,53,GHCND:USW00014819
2024-11-14,55,GHCND:USW00014819
2024-11-15,55,GHCND:USW00014819
2024-11-16,53,GHCND:USW00014819
2024-11-17,60,GHCND:USW00014819
2024-11-18,62,GHCND:USW00014819
2024-11-19,65,GHCND:USW00014819
2024-11-20,50,GHCND:USW00014819
2024-11-21,40,GHCND:USW00014819
2024-11-22,48,GHCND:USW00014819
2024-11-23,45,GHCND:USW00014819
2024-11-24,54,GHCND:USW00014819
2024-11-25,55,GHCND:USW00014819
2024-11-26,40,GHCND:USW00014819
2024-11-27,44,GHCND:USW00014819
2024-11-28,39,GHCND:USW00014819
2024-11-29,29,GHCND:USW00014819
2024-11-30,26,GHCND:USW00014819
2024-12-01,28,GHCND:USW00014819
2024-12-02,28,GHCND:USW00014819
2024-12-03,32,GHCND:USW00014819
2024-12-04,40,GHCND:USW00014819
2024-12-05,29,GHCND:USW00014819
2024-12-06,33,GHCND:USW00014819
2024-12-07,51,GHCND:USW00014819
2024-12-08,57,GHCND:USW00014819
2024-12-09,55,GHCND:USW00014819
2024-12-10,45,GHCND:USW00014819
2024-12-11,33,GHCND:USW00014819
2024-12-12,16,GHCND:USW00014819
2024-12-13,28,GHCND:USW00014819
2024-12-14,41,GHCND:USW00014819
2024-12-15,46,GHCND:USW00014819
2024-12-16,54,GHCND:USW00014819
2024-12-17,39,GHCND:USW00014819
2024-12-18,37,GHCND:USW00014819
2024-12-19,34,GHCND:USW00014819
2024-12-20,36,GHCND:USW00014819
2024-12-21,29,GHCND:USW00014819
2024-12-22,34,GHCND:USW00014819
2024-12-23,42,GHCND:USW00014819
2024-12-24,39,GHCND:USW00014819
2024-12-25,39,GHCND:USW00014819
2024-12-26,49,GHCND:USW00014819
2024-12-27,54,GHCND:USW00014819
2024-12-28,53,GHCND:USW00014819
2024-12-29,49,GHCND:USW00014819
2024-12-30,42,GHCND:USW00014819
2024-12-31,43,GHCND:USW00014819
2025-01-01,36,GHCND:USW00014819
2025-01-02,33,GHCND:USW00014819
2025-01-03,27,GHCND:USW00014819
2025-01-04,26,GHCND:USW00014819
2025-01-05,30,GHCND:USW00014819
2025-01-06,32,GHCND:USW00014819
2025-01-07,28,GHCND:USW00014819
2025-01-08,28,GHCND:USW00014819
2025-01-09,29,GHCND:USW00014819
2025-01-10,30,GHCND:USW00014819
2025-01-11,33,GHCND:USW00014819
2025-01-12,36,GHCND:USW00014819
2025-01-13,21,GHCND:USW00014819
2025-01-14,18,GHCND:USW00014819
2025-01-15,20,GHCND:USW00014819
2025-01-16,39,GHCND:USW00014819
2025-01-17,46,GHCND:USW00014819
2025-01-18,42,GHCND:USW00014819
2025-01-19,17,GHCND:USW00014819
2025-01-20,13,GHCND:USW00014819
2025-01-21,2,GHCND:USW00014819
2025-01-22,26,GHCND:USW00014819
2025-01-23,26,GHCND:USW00014819
2025-01-24,24,GHCND:USW00014819
2025-01-25,44,GHCND:USW00014819
2025-01-26,33,GHCND:USW00014819
2025-01-27,45,GHCND:USW00014819
2025-01-28,49,GHCND:USW00014819
2025-01-29,48,GHCND:USW00014819
2025-01-30,49,GHCND:USW00014819
2025-01-31,41,GHCND:USW00014819
2025-02-01,35,GHCND:USW00014819
2025-02-02,45,GHCND:USW00014819
2025-02-03,48,GHCND:USW00014819
2025-02-04,35,GHCND:USW00014819
2025-02-05,32,GHCND:USW00014819
2025-02-06,39,GHCND:USW00014819
2025-02-07,33,GHCND:USW00014819
2025-02-08,34,GHCND:USW00014819
2025-02-09,33,GHCND:USW00014819
2025-02-10,37,GHCND:USW00014819
2025-02-11,30,GHCND:USW00014819
2025-02-12,30,GHCND:USW00014819
2025-02-13,28,GHCND:USW00014819
2025-02-14,28,GHCND:USW00014819
2025-02-15,35,GHCND:USW00014819
2025-02-16,29,GHCND:USW00014819
2025-02-17,12,GHCND:USW00014819
2025-02-18,16,GHCND:USW00014819
2025-02-19,19,GHCND:USW00014819
2025-02-20,25,GHCND:USW00014819
2025-02-21,29,GHCND:USW00014819
2025-02-22,35,GHCND:USW00014819
2025-02-23,47,GHCND:USW00014819
2025-02-24,57,GHCND:USW00014819
2025-02-25,57,GHCND:USW00014819
2025-02-26,51,GHCND:USW00014819
2025-02-27,51,GHCND:USW00014819
2025-02-28,60,GHCND:USW00014819
2025-03-01,36,GHCND:USW00014819
2025-03-02,38,GHCND:USW00014819
2025-03-03,49,GHCND:USW00014819
2025-03-04,49,GHCND:USW00014819
2025-03-05,54,GHCND:USW00014819
2025-03-06,43,GHCND:USW00014819
2025-03-07,40,GHCND:USW00014819
2025-03-08,51,GHCND:USW00014819
2025-03-09,59,GHCND:USW00014819
2025-03-10,70,GHCND:USW00014819
2025-03-11,60,GHCND:USW00014819
2025-03-12,53,GHCND:USW00014819
2025-03-13,60,GHCND:USW00014819
2025-03-14,80,GHCND:USW00014819
2025-03-15,67,GHCND:USW00014819
2025-03-16,44,GHCND:USW00014819
2025-03-17,54,GHCND:USW00014819
2025-03-18,73,GHCND:USW00014819
2025-03-19,50,GHCND:USW00014819
2025-03-20,45,GHCND:USW00014819
2025-03-21,61,GHCND:USW00014819
2025-03-22,50,GHCND:USW00014819
2025-03-23,50,GHCND:USW00014819
2025-03-24,51,GHCND:USW00014819
2025-03-25,52,GHCND:USW00014819
2025-03-26,54,GHCND:USW00014819
2025-03-27,55,GHCND:USW00014819
2025-03-28,80,GHCND:USW00014819
2025-03-29,68,GHCND:USW00014819
2025-03-30,78,GHCND:USW00014819
2025-03-31,48,GHCND:USW00014819
2025-04-01,47,GHCND:USW00014819
2025-04-02,72,GHCND:USW00014819
2025-04-03,58,GHCND:USW00014819
2025-04-04,50,GHCND:USW00014819
2025-04-05,54,GHCND:USW00014819
2025-04-06,48,GHCND:USW00014819
2025-04-07,47,GHCND:USW00014819
2025-04-08,44,GHCND:USW00014819
2025-04-09,44,GHCND:USW00014819
2025-04-10,45,GHCND:USW00014819
2025-04-11,52,GHCND:USW00014819
2025-04-12,61,GHCND:USW00014819
2025-04-13,66,GHCND:USW00014819
2025-04-14,66,GHCND:USW00014819
2025-04-15,58,GHCND:USW00014819
2025-04-16,50,GHCND:USW00014819
2025-04-17,66,GHCND:USW00014819
2025-04-18,78,GHCND:USW00014819
2025-04-19,62,GHCND:USW00014819
2025-04-20,64,GHCND:USW00014819
2025-04-21,64,GHCND:USW00014819
2025-04-22,75,GHCND:USW00014819
2025-04-23,78,GHCND:USW00014819
2025-04-24,77,GHCND:USW00014819
2025-04-25,61,GHCND:USW00014819
2025-04-26,54,GHCND:USW00014819
2025-04-27,70,GHCND:USW00014819
2025-04-28,85,GHCND:USW00014819
2025-04-29,77,GHCND:USW00014819
2025-04-30,61,GHCND:USW00014819
2025-05-01,73,GHCND:USW00014819
2025-05-02,60,GHCND:USW00014819
2025-05-03,55,GHCND:USW00014819
2025-05-04,57,GHCND:USW00014819
2025-05-05,63,GHCND:USW00014819
2025-05-06,77,GHCND:USW00014819
2025-05-07,74,GHCND:USW00014819
2025-05-08,59,GHCND:USW00014819
2025-05-09,65,GHCND:USW00014819
2025-05-10,77,GHCND:USW00014819
2025-05-11,72,GHCND:USW00014819
2025-05-12,81,GHCND:USW00014819
2025-05-13,78,GHCND:USW00014819
2025-05-14,80,GHCND:USW00014819
2025-05-15,95,GHCND:USW00014819
2025-05-16,89,GHCND:USW00014819
2025-05-17,72,GHCND:USW00014819
2025-05-18,62,GHCND:USW00014819
2025-05-19,57,GHCND:USW00014819
2025-05-20,58,GHCND:USW00014819
2025-05-21,54,GHCND:USW00014819
2025-05-22,58,GHCND:USW00014819
2025-05-23,64,GHCND:USW00014819
2025-05-24,65,GHCND:USW00014819
2025-05-25,66,GHCND:USW00014819
2025-05-26,68,GHCND:USW00014819
2025-05-27,68,GHCND:USW00014819
2025-05-28,64,GHCND:USW00014819
2025-05-29,71,GHCND:USW00014819
2025-05-30,74,GHCND:USW00014819
2025-05-31,64,GHCND:USW00014819
2025-06-01,66,GHCND:USW00014819
2025-06-02,85,GHCND:USW00014819
2025-06-03,89,GHCND:USW00014819
2025-06-04,75,GHCND:USW00014819
2025-06-05,72,GHCND:USW00014819
2025-06-06,78,GHCND:USW00014819
2025-06-07,78,GHCND:USW00014819
2025-06-08,82,GHCND:USW00014819
2025-06-09,74,GHCND:USW00014819
2025-06-10,79,GHCND:USW00014819
2025-06-11,91,GHCND:USW00014819
2025-06-12,82,GHCND:USW00014819
2025-06-13,72,GHCND:USW00014819
2025-06-14,75,GHCND:USW00014819
2025-06-15,81,GHCND:USW00014819
2025-06-16,86,GHCND:USW00014819
2025-06-17,92,GHCND:USW00014819
2025-06-18,83,GHCND:USW00014819
2025-06-19,84,GHCND:USW00014819
2025-06-20,86,GHCND:USW00014819
2025-06-21,95,GHCND:USW00014819
2025-06-22,95,GHCND:USW00014819
2025-06-23,95,GHCND:USW00014819
2025-06-24,96,GHCND:USW00014819
2025-06-25,89,GHCND:USW00014819
2025-06-26,95,GHCND:USW00014819
2025-06-27,89,GHCND:USW00014819
2025-06-28,86,GHCND:USW00014819
2025-06-29,93,GHCND:USW00014819
2025-06-30,91,GHCND:USW00014819
2025-07-01,88,GHCND:USW00014819
2025-07-02,91,GHCND:USW00014819
2025-07-03,92,GHCND:USW00014819
2025-07-04,92,GHCND:USW00014819
2025-07-05,94,GHCND:USW00014819
2025-07-06,88,GHCND:USW00014819
2025-07-07,82,GHCND:USW00014819
2025-07-08,85,GHCND:USW00014819
2025-07-09,84,GHCND:USW00014819
2025-07-10,84,GHCND:USW00014819
2025-07-11,91,GHCND:USW00014819
2025-07-12,84,GHCND:USW00014819
2025-07-13,84,GHCND:USW00014819
2025-07-14,87,GHCND:USW00014819
2025-07-15,92,GHCND:USW00014819
2025-07-16,92,GHCND:USW00014819
2025-07-17,75,GHCND:USW00014819
2025-07-18,81,GHCND:USW00014819
2025-07-19,85,GHCND:USW00014819
2025-07-20,79,GHCND:USW00014819
2025-07-21,83,GHCND:USW00014819
2025-07-22,88,GHCND:USW00014819
2025-07-23,94,GHCND:USW00014819
2025-07-24,96,GHCND:USW00014819
2025-07-25,84,GHCND:USW00014819
2025-07-26,85,GHCND:USW00014819
2025-07-27,90,GHCND:USW00014819
2025-07-28,93,GHCND:USW00014819
2025-07-29,93,GHCND:USW00014819
2025-07-30,82,GHCND:USW00014819
2025-07-31,78,GHCND:USW00014819
2025-08-01,77,GHCND:USW00014819
2025-08-02,79,GHCND:USW00014819
2025-08-03,80,GHCND:USW00014819
2025-08-04,82,GHCND:USW00014819
2025-08-05,84,GHCND:USW00014819
2025-08-06,89,GHCND:USW00014819
2025-08-07,91,GHCND:USW00014819
2025-08-08,93,GHCND:USW00014819
2025-08-09,94,GHCND:USW00014819
2025-08-10,92,GHCND:USW00014819
2025-08-11,89,GHCND:USW00014819
2025-08-12,88,GHCND:USW00014819
2025-08-13,85,GHCND:USW00014819
2025-08-14,84,GHCND:USW00014819
2025-08-15,92,GHCND:USW00014819
2025-08-16,96,GHCND:USW00014819
2025-08-17,84,GHCND:USW00014819
2025-08-18,88,GHCND:USW00014819
2025-08-19,80,GHCND:USW00014819
2025-08-20,77,GHCND:USW00014819
2025-08-21,78,GHCND:USW00014819
2025-08-22,82,GHCND:USW00014819
2025-08-23,86,GHCND:USW00014819
2025-08-24,75,GHCND:USW00014819
2025-08-25,72,GHCND:USW00014819
2025-08-26,75,GHCND:USW00014819
2025-08-27,77,GHCND:USW00014819
2025-08-28,78,GHCND:USW00014819
2025-08-29,71,GHCND:USW00014819
2025-08-30,75,GHCND:USW00014819
2025-08-31,77,GHCND:USW00014819
2025-09-01,77,GHCND:USW00014819
2025-09-02,80,GHCND:USW00014819
2025-09-03,73,GHCND:USW00014819
2025-09-04,67,GHCND:USW00014819
2025-09-05,69,GHCND:USW00014819
2025-09-06,69,GHCND:USW00014819
2025-09-07,70,GHCND:USW00014819
2025-09-08,73,GHCND:USW00014819
2025-09-09,77,GHCND:USW00014819
2025-09-10,83,GHCND:USW00014819
2025-09-11,79,GHCND:USW00014819
2025-09-12,85,GHCND:USW00014819
2025-09-13,79,GHCND:USW00014819
2025-09-14,83,GHCND:USW00014819
2025-09-15,84,GHCND:USW00014819
2025-09-16,83,GHCND:USW00014819
2025-09-17,84,GHCND:USW00014819
2025-09-18,88,GHCND:USW00014819
2025-09-19,90,GHCND:USW00014819
2025-09-20,79,GHCND:USW00014819
2025-09-21,84,GHCND:USW00014819
2025-09-22,83,GHCND:USW00014819
2025-09-23,79,GHCND:USW00014819
2025-09-24,75,GHCND:USW00014819
2025-09-25,77,GHCND:USW00014819
2025-09-26,84,GHCND:USW00014819
2025-09-27,89,GHCND:USW00014819
2025-09-28,81,GHCND:USW00014819
2025-09-29,90,GHCND:USW00014819
2025-09-30,83,GHCND:USW00014819
2025-10-01,77,GHCND:USW00014819
2025-10-02,84,GHCND:USW00014819
2025-10-03,90,GHCND:USW00014819
2025-10-04,89,GHCND:USW00014819
2025-10-05,86,GHCND:USW00014819
2025-10-06,86,GHCND:USW00014819
2025-10-07,68,GHCND:USW00014819
2025-10-08,65,GHCND:USW00014819
2025-10-09,63,GHCND:USW00014819
2025-10-10,68,GHCND:USW00014819
2025-10-11,65,GHCND:USW00014819
2025-10-12,69,GHCND:USW00014819
2025-10-13,69,GHCND:USW00014819
2025-10-14,69,GHCND:USW00014819
2025-10-15,63,GHCND:USW00014819
2025-10-16,68,GHCND:USW00014819
2025-10-17,74,GHCND:USW00014819
2025-10-18,74,GHCND:USW00014819
2025-10-19,60,GHCND:USW00014819
2025-10-20,66,GHCND:USW00014819
2025-10-21,56,GHCND:USW00014819
2025-10-22,50,GHCND:USW00014819
2025-10-23,54,GHCND:USW00014819
2025-10-24,53,GHCND:USW00014819
2025-10-25,56,GHCND:USW00014819
2025-10-26,58,GHCND:USW00014819
2025-10-27,57,GHCND:USW00014819
2025-10-28,58,GHCND:USW00014819
2025-10-29,56,GHCND:USW00014819
2025-10-30,57,GHCND:USW00014819
2025-10-31,56,GHCND:USW00014819
2025-11-01,53,GHCND:USW00014819
2025-11-02,55,GHCND:USW00014819
2025-11-03,62,GHCND:USW00014819
2025-11-04,63,GHCND:USW00014819
2025-11-05,63,GHCND:USW00014819
2025-11-06,60,GHCND:USW00014819
2025-11-07,64,GHCND:USW00014819
2025-11-08,50,GHCND:USW00014819
2025-11-09,40,GHCND:USW00014819
2025-11-10,35,GHCND:USW00014819
2025-11-11,42,GHCND:USW00014819
2025-11-12,54,GHCND:USW00014819
2025-11-13,54,GHCND:USW00014819
2025-11-14,68,GHCND:USW00014819
2025-11-15,70,GHCND:USW00014819
2025-11-16,51,GHCND:USW00014819
2025-11-17,47,GHCND:USW00014819
2025-11-18,44,GHCND:USW00014819
2025-11-19,46,GHCND:USW00014819
2025-11-20,48,GHCND:USW00014819
2025-11-21,49,GHCND:USW00014819
2025-11-22,49,GHCND:USW00014819
2025-11-23,55,GHCND:USW00014819
2025-11-24,51,GHCND:USW00014819
2025-11-25,52,GHCND:USW00014819
2025-11-26,42,GHCND:USW00014819
2025-11-27,34,GHCND:USW00014819
2025-11-28,32,GHCND:USW00014819
2025-11-29,32,GHCND:USW00014819
2025-11-30,34,GHCND:USW00014819
2025-12-01,30,GHCND:USW00014819
2025-12-02,25,GHCND:USW00014819
2025-12-03,30,GHCND:USW00014819
2025-12-04,22,GHCND:USW00014819
2025-12-05,30,GHCND:USW00014819
2025-12-06,33,GHCND:USW00014819
2025-12-07,33,GHCND:USW00014819
2025-12-08,27,GHCND:USW00014819
2025-12-09,37,GHCND:USW00014819
2025-12-10,40,GHCND:USW00014819
2025-12-11,28,GHCND:USW00014819
2025-12-12,32,GHCND:USW00014819
2025-12-13,27,GHCND:USW00014819
2025-12-14,11,GHCND:USW00014819
2025-12-15,22,GHCND:USW00014819
2025-12-16,40,GHCND:USW00014819
2025-12-17,43,GHCND:USW00014819
2025-12-18,53,GHCND:USW00014819
2025-12-19,24,GHCND:USW00014819
2025-12-20,41,GHCND:USW00014819
2025-12-21,33,GHCND:USW00014819
2025-12-22,45,GHCND:USW00014819
2025-12-23,54,GHCND:USW00014819
2025-12-24,47,GHCND:USW00014819
2025-12-25,44,GHCND:USW00014819
2025-12-26,49,GHCND:USW00014819
2025-12-27,45,GHCND:USW00014819
2025-12-28,59,GHCND:USW00014819
2025-12-29,24,GHCND:USW00014819
2025-12-30,25,GHCND:USW00014819
2025-12-31,35,GHCND:USW00014819
2026-01-01,21,GHCND:USW00014819
2026-01-02,24,GHCND:USW00014819
2026-01-03,28,GHCND:USW00014819
2026-01-04,34,GHCND:USW00014819
2026-01-05,45,GHCND:USW00014819
2026-01-06,47,GHCND:USW00014819
2026-01-07,44,GHCND:USW00014819
2026-01-08,61,GHCND:USW00014819
2026-01-09,60,GHCND:USW00014819
2026-01-10,41,GHCND:USW00014819
2026-01-11,34,GHCND:USW00014819
2026-01-12,42,GHCND:USW00014819
2026-01-13,50,GHCND:USW00014819
2026-01-14,42,GHCND:USW00014819
2026-01-15,24,GHCND:USW00014819
2026-01-16,37,GHCND:USW00014819
2026-01-17,26,GHCND:USW00014819
2026-01-18,19,GHCND:USW00014819
2026-01-19,19,GHCND:USW00014819
2026-01-20,24,GHCND:USW00014819
2026-01-21,33,GHCND:USW00014819
2026-01-22,28,GHCND:USW00014819
2026-01-23,8,GHCND:USW00014819
2026-01-24,9,GHCND:USW00014819
2026-01-25,19,GHCND:USW00014819
2026-01-26,9,GHCND:USW00014819
2026-01-27,14,GHCND:USW00014819
2026-01-28,18,GHCND:USW00014819
2026-01-29,17,GHCND:USW00014819
2026-01-30,21,GHCND:USW00014819
2026-01-31,27,GHCND:USW00014819
2026-02-01,27,GHCND:USW00014819
2026-02-02,28,GHCND:USW00014819
2026-02-03,30,GHCND:USW00014819
2026-02-04,27,GHCND:USW00014819
2026-02-05,30,GHCND:USW00014819
2026-02-06,38,GHCND:USW00014819
2026-02-07,25,GHCND:USW00014819
2026-02-08,30,GHCND:USW00014819
2026-02-09,38,GHCND:USW00014819
2026-02-10,49,GHCND:USW00014819
2026-02-11,43,GHCND:USW00014819
2026-02-12,39,GHCND:USW00014819
2026-02-13,54,GHCND:USW00014819
2026-02-14,49,GHCND:USW00014819
2026-02-15,60,GHCND:USW00014819
2026-02-16,65,GHCND:USW00014819
2026-02-17,57,GHCND:USW00014819
2026-02-18,64,GHCND:USW00014819
2026-02-19,58,GHCND:USW00014819
2026-02-20,47,GHCND:USW00014819
2026-02-21,29,GHCND:USW00014819
2026-02-22,27,GHCND:USW00014819
2026-02-23,29,GHCND:USW00014819
2026-02-24,40,GHCND:USW00014819
2026-02-25,38,GHCND:USW00014819
2026-02-26,43,GHCND:USW00014819
2026-02-27,65,GHCND:USW00014819
2026-02-28,47,GHCND:USW00014819
2026-03-01,32,GHCND:USW00014819
2026-03-02,41,GHCND:USW00014819
2026-03-03,43,GHCND:USW00014819
2026-03-04,42,GHCND:USW00014819
2026-03-05,51,GHCND:USW00014819
2026-03-06,74,GHCND:USW00014819
2026-03-07,64,GHCND:USW00014819
2026-03-08,63,GHCND:USW00014819
2026-03-09,73,GHCND:USW00014819
2026-03-10,63,GHCND:USW00014819
2026-03-11,45,GHCND:USW00014819
2026-03-12,45,GHCND:USW00014819
2026-03-13,48,GHCND:USW00014819
2026-03-14,38,GHCND:USW00014819
2026-03-15,64,GHCND:USW00014819
2026-03-16,32,GHCND:USW00014819
2026-03-17,25,GHCND:USW00014819
2026-03-18,47,GHCND:USW00014819
2026-03-19,60,GHCND:USW00014819
2026-03-20,72,GHCND:USW00014819
2026-03-21,77,GHCND:USW00014819
2026-03-22,71,GHCND:USW00014819
2026-03-23,41,GHCND:USW00014819
2026-03-24,53,GHCND:USW00014819
2026-03-25,72,GHCND:USW00014819
2026-03-26,73,GHCND:USW00014819
2026-03-27,44,GHCND:USW00014819
2026-03-28,48,GHCND:USW00014819
2026-03-29,63,GHCND:USW00014819
2026-03-30,81,GHCND:USW00014819
2026-03-31,69,GHCND:USW00014819
2026-04-01,42,GHCND:USW00014819
2026-04-02,71,GHCND:USW00014819
2026-04-03,63,GHCND:USW00014819
2026-04-04,60,GHCND:USW00014819
2026-04-05,53,GHCND:USW00014819
2026-04-06,52,GHCND:USW00014819
2026-04-07,38,GHCND:USW00014819
2026-04-08,71,GHCND:USW00014819
2026-04-09,71,GHCND:USW00014819
2026-04-10,53,GHCND:USW00014819
2026-04-11,58,GHCND:USW00014819
2026-04-12,81,GHCND:USW00014819
2026-04-13,79,GHCND:USW00014819
2026-04-14,82,GHCND:USW00014819
2026-04-15,73,GHCND:USW00014819
2026-04-16,74,GHCND:USW00014819
2026-04-17,82,GHCND:USW00014819
2026-04-18,63,GHCND:USW00014819
2026-04-19,51,GHCND:USW00014819
2026-04-20,57,GHCND:USW00014819
2026-04-21,76,GHCND:USW00014819
2026-04-22,68,GHCND:USW00014819
2026-04-23,82,GHCND:USW00014819
2026-04-24,71,GHCND:USW00014819
2026-04-25,56,GHCND:USW00014819
2026-04-26,60,GHCND:USW00014819
2026-04-27,68,GHCND:USW00014819
2026-04-28,64,GHCND:USW00014819
2026-04-29,57,GHCND:USW00014819
2026-04-30,56,GHCND:USW00014819
2026-05-01,50,GHCND:USW00014819
2026-05-02,56,GHCND:USW00014819
2026-05-03,67,GHCND:USW00014819
2026-05-04,81,GHCND:USW00014819
2026-05-05,60,GHCND:USW00014819
2026-05-06,58,GHCND:USW00014819
2026-05-07,61,GHCND:USW00014819
2026-05-08,65,GHCND:USW00014819
2026-05-09,76,GHCND:USW00014819
2026-05-10,62,GHCND:USW00014819
2026-05-11,56,GHCND:USW00014819
2026-05-12,74,GHCND:USW00014819
2026-05-13,59,GHCND:USW00014819
2026-05-14,65,GHCND:USW00014819
2026-05-15,76,GHCND:USW00014819
2026-05-16,83,GHCND:USW00014819
2026-05-17,87,GHCND:USW00014819
2026-05-18,80,GHCND:USW00014819
2026-05-19,79,GHCND:USW00014819
2026-05-20,61,GHCND:USW00014819
2026-05-21,61,GHCND:USW00014819
2026-05-22,67,GHCND:USW00014819
2026-05-23,70,GHCND:USW00014819
2026-05-24,74,GHCND:USW00014819
2026-05-25,84,GHCND:USW00014819
2026-05-26,83,GHCND:USW00014819
2026-05-27,82,GHCND:USW00014819
2026-05-28,72,GHCND:USW00014819
2026-05-29,84,GHCND:USW00014819
2026-05-30,74,GHCND:USW00014819
2026-05-31,74,GHCND:USW00014819
2026-06-01,71,GHCND:USW00014819
2026-06-02,75,GHCND:USW00014819
2026-06-03,82,GHCND:USW00014819
2026-06-04,87,GHCND:USW00014819
2026-06-05,81,GHCND:USW00014819
2026-06-06,87,GHCND:USW00014819
2026-06-07,83,GHCND:USW00014819
2026-06-08,83,GHCND:USW00014819
2026-06-09,88,GHCND:USW00014819
2026-06-10,91,GHCND:USW00014819
2026-06-11,82,GHCND:USW00014819
2026-06-12,82,GHCND:USW00014819
2026-06-13,83,GHCND:USW00014819
2026-06-14,71,GHCND:USW00014819
2026-06-15,76,GHCND:USW00014819
2026-06-16,77,GHCND:USW00014819
2026-06-17,71,GHCND:USW00014819
2026-06-18,73,GHCND:USW00014819
2026-06-19,77,GHCND:USW00014819
2026-06-20,77,GHCND:USW00014819
2026-06-21,72,GHCND:USW00014819
2026-06-22,73,GHCND:USW00014819
2026-06-23,73,GHCND:USW00014819
2026-06-24,74,GHCND:USW00014819
2026-06-25,80,GHCND:USW00014819
2026-06-26,67,GHCND:USW00014819
2026-06-27,78,GHCND:USW00014819
2026-06-28,82,GHCND:USW00014819
2026-06-29,93,GHCND:USW00014819
2026-06-30,94,GHCND:USW00014819
2026-07-01,94,GHCND:USW00014819
2026-07-02,95,GHCND:USW00014819
2026-07-03,91,GHCND:USW00014819
2026-07-04,85,GHCND:USW00014819
2026-07-05,77,GHCND:USW00014819
2026-07-06,80,GHCND:USW00014819
2026-07-07,84,GHCND:USW00014819
2026-07-08,89,GHCND:USW00014819
2026-07-09,87,GHCND:USW00014819
2026-07-10,82,GHCND:USW00014819
2026-07-11,83,GHCND:USW00014819
2026-07-12,86,GHCND:USW00014819
2026-07-13,92,GHCND:USW00014819
2026-07-14,96,GHCND:USW00014819
2026-07-15,95,GHCND:USW00014819
2026-07-16,91,GHCND:USW00014819
2026-07-17,94,GHCND:USW00014819
2026-07-18,91,GHCND:USW00014819
2026-07-19,79,GHCND:USW00014819
2026-07-20,82,GHCND:USW00014819
2026-07-21,86,GHCND:USW00014819
2026-07-22,73,GHCND:USW00014819
2026-07-23,77,GHCND:USW00014819
2026-07-24,79,GHCND:USW00014819
2026-07-25,79,GHCND:USW00014819
2026-07-26,91,GHCND:USW00014819
2026-07-27,88,GHCND:USW00014819
2026-07-28,79,GHCND:USW00014819
2026-07-29,80,GHCND:USW00014819
2026-07-30,86,GHCND:USW00014819
2026-07-31,82,GHCND:USW00014819
2026-08-01,76,GHCND:USW00014819
2026-08-02,76,GHCND:USW00014819
2026-08-03,82,GHCND:USW00014819
2026-08-04,86,GHCND:USW00014819
2026-08-05,83,GHCND:USW00014819
2026-08-06,80,GHCND:USW00014819
2026-08-07,86,GHCND:USW00014819
2026-08-08,84,GHCND:USW00014819
2026-08-09,86,GHCND:USW00014819
2026-08-10,88,GHCND:USW00014819
2026-08-11,80,GHCND:USW00014819
2026-08-12,83,GHCND:USW00014819
2026-08-13,77,GHCND:USW00014819
2026-08-14,80,GHCND:USW00014819
2026-08-15,81,GHCND:USW00014819
2026-08-16,86,GHCND:USW00014819
2026-08-17,78,GHCND:USW00014819
2026-08-18,81,GHCND:USW00014819
2026-08-19,80,GHCND:USW00014819
2026-08-20,78,GHCND:USW00014819
2026-08-21,80,GHCND:USW00014819
2026-08-22,82,GHCND:USW00014819
2026-08-23,76,GHCND:USW00014819
2026-08-24,79,GHCND:USW00014819
2026-08-25,81,GHCND:USW00014819
2026-08-26,85,GHCND:USW00014819
2026-08-27,81,GHCND:USW00014819
2026-08-28,84,GHCND:USW00014819
2026-08-29,82,GHCND:USW00014819
2026-08-30,81,GHCND:USW00014819
2026-08-31,91,GHCND:USW00014819
2026-09-01,94,GHCND:USW00014819
2026-09-02,96,GHCND:USW00014819
2026-09-03,92,GHCND:USW00014819
2026-09-04,93,GHCND:USW00014819
2026-09-05,83,GHCND:USW00014819
2026-09-06,79,GHCND:USW00014819
2026-09-07,80,GHCND:USW00014819
2026-09-08,87,GHCND:USW00014819
2026-09-09,80,GHCND:USW00014819
2026-09-10,76,GHCND:USW00014819
2026-09-11,81,GHCND:USW00014819
2026-09-12,88,GHCND:USW00014819
2026-09-13,75,GHCND:USW00014819
