date,tmax_f,source
2020-01-01,41,GHCND:USW00094728
2020-01-02,49,GHCND:USW00094728
2020-01-03,49,GHCND:USW00094728
2020-01-04,51,GHCND:USW00094728
2020-01-05,42,GHCND:USW00094728
2020-01-06,45,GHCND:USW00094728
2020-01-07,45,GHCND:USW00094728
2020-01-08,42,GHCND:USW00094728
2020-01-09,34,GHCND:USW00094728
2020-01-10,55,GHCND:USW00094728
2020-01-11,69,GHCND:USW00094728
2020-01-12,68,GHCND:USW00094728
2020-01-13,46,GHCND:USW00094728
2020-01-14,46,GHCND:USW00094728
2020-01-15,50,GHCND:USW00094728
2020-01-16,49,GHCND:USW00094728
2020-01-17,33,GHCND:USW00094728
2020-01-18,37,GHCND:USW00094728
2020-01-19,43,GHCND:USW00094728
2020-01-20,31,GHCND:USW00094728
2020-01-21,33,GHCND:USW00094728
2020-01-22,38,GHCND:USW00094728
2020-01-23,47,GHCND:USW00094728
2020-01-24,51,GHCND:USW00094728
2020-01-25,51,GHCND:USW00094728
2020-01-26,46,GHCND:USW00094728
2020-01-27,45,GHCND:USW00094728
2020-01-28,43,GHCND:USW00094728
2020-01-29,41,GHCND:USW00094728
2020-01-30,38,GHCND:USW00094728
2020-01-31,44,GHCND:USW00094728
2020-02-01,43,GHCND:USW00094728
2020-02-02,45,GHCND:USW00094728
2020-02-03,57,GHCND:USW00094728
2020-02-04,61,GHCND:USW00094728
2020-02-05,55,GHCND:USW00094728
2020-02-06,41,GHCND:USW00094728
2020-02-07,56,GHCND:USW00094728
2020-02-08,41,GHCND:USW00094728
2020-02-09,44,GHCND:USW00094728
2020-02-10,47,GHCND:USW00094728
2020-02-11,48,GHCND:USW00094728
2020-02-12,46,GHCND:USW00094728
2020-02-13,44,GHCND:USW00094728
2020-02-14,40,GHCND:USW00094728
2020-02-15,31,GHCND:USW00094728
2020-02-16,44,GHCND:USW00094728
2020-02-17,51,GHCND:USW00094728
2020-02-18,47,GHCND:USW00094728
2020-02-19,48,GHCND:USW00094728
2020-02-20,35,GHCND:USW00094728
2020-02-21,35,GHCND:USW00094728
2020-02-22,50,GHCND:USW00094728
2020-02-23,56,GHCND:USW00094728
2020-02-24,62,GHCND:USW00094728
2020-02-25,53,GHCND:USW00094728
2020-02-26,48,GHCND:USW00094728
2020-02-27,43,GHCND:USW00094728
2020-02-28,42,GHCND:USW00094728
2020-02-29,35,GHCND:USW00094728
2020-03-01,44,GHCND:USW00094728
2020-03-02,58,GHCND:USW00094728
2020-03-03,59,GHCND:USW00094728
2020-03-04,56,GHCND:USW00094728
2020-03-05,51,GHCND:USW00094728
2020-03-06,45,GHCND:USW00094728
2020-03-07,48,GHCND:USW00094728
2020-03-08,59,GHCND:USW00094728
2020-03-09,72,GHCND:USW00094728
2020-03-10,65,GHCND:USW00094728
2020-03-11,57,GHCND:USW00094728
2020-03-12,50,GHCND:USW00094728
2020-03-13,70,GHCND:USW00094728
2020-03-14,57,GHCND:USW00094728
2020-03-15,54,GHCND:USW00094728
2020-03-16,45,GHCND:USW00094728
2020-03-17,54,GHCND:USW00094728
2020-03-18,54,GHCND:USW00094728
2020-03-19,52,GHCND:USW00094728
2020-03-20,77,GHCND:USW00094728
2020-03-21,65,GHCND:USW00094728
2020-03-22,45,GHCND:USW00094728
2020-03-23,41,GHCND:USW00094728
2020-03-24,55,GHCND:USW00094728
2020-03-25,45,GHCND:USW00094728
2020-03-26,60,GHCND:USW00094728
2020-03-27,69,GHCND:USW00094728
2020-03-28,54,GHCND:USW00094728
2020-03-29,47,GHCND:USW00094728
2020-03-30,52,GHCND:USW00094728
2020-03-31,49,GHCND:USW00094728
2020-04-01,56,GHCND:USW00094728
2020-04-02,58,GHCND:USW00094728
2020-04-03,52,GHCND:USW00094728
2020-04-04,62,GHCND:USW00094728
2020-04-05,65,GHCND:USW00094728
2020-04-06,66,GHCND:USW00094728
2020-04-07,68,GHCND:USW00094728
2020-04-08,64,GHCND:USW00094728
2020-04-09,59,GHCND:USW00094728
2020-04-10,49,GHCND:USW00094728
2020-04-11,56,GHCND:USW00094728
2020-04-12,63,GHCND:USW00094728
2020-04-13,67,GHCND:USW00094728
2020-04-14,60,GHCND:USW00094728
2020-04-15,54,GHCND:USW00094728
2020-04-16,50,GHCND:USW00094728
2020-04-17,51,GHCND:USW00094728
2020-04-18,46,GHCND:USW00094728
2020-04-19,63,GHCND:USW00094728
2020-04-20,57,GHCND:USW00094728
2020-04-21,61,GHCND:USW00094728
2020-04-22,51,GHCND:USW00094728
2020-04-23,52,GHCND:USW00094728
2020-04-24,49,GHCND:USW00094728
2020-04-25,65,GHCND:USW00094728
2020-04-26,51,GHCND:USW00094728
2020-04-27,50,GHCND:USW00094728
2020-04-28,67,GHCND:USW00094728
2020-04-29,59,GHCND:USW00094728
2020-04-30,60,GHCND:USW00094728
2020-05-01,66,GHCND:USW00094728
2020-05-02,73,GHCND:USW00094728
2020-05-03,80,GHCND:USW00094728
2020-05-04,75,GHCND:USW00094728
2020-05-05,63,GHCND:USW00094728
2020-05-06,52,GHCND:USW00094728
2020-05-07,67,GHCND:USW00094728
2020-05-08,57,GHCND:USW00094728
2020-05-09,48,GHCND:USW00094728
2020-05-10,64,GHCND:USW00094728
2020-05-11,61,GHCND:USW00094728
2020-05-12,59,GHCND:USW00094728
2020-05-13,64,GHCND:USW00094728
2020-05-14,67,GHCND:USW00094728
2020-05-15,84,GHCND:USW00094728
2020-05-16,77,GHCND:USW00094728
2020-05-17,69,GHCND:USW00094728
2020-05-18,70,GHCND:USW00094728
2020-05-19,68,GHCND:USW00094728
2020-05-20,66,GHCND:USW00094728
2020-05-21,68,GHCND:USW00094728
2020-05-22,77,GHCND:USW00094728
2020-05-23,67,GHCND:USW00094728
2020-05-24,67,GHCND:USW00094728
2020-05-25,71,GHCND:USW00094728
2020-05-26,78,GHCND:USW00094728
2020-05-27,79,GHCND:USW00094728
2020-05-28,76,GHCND:USW00094728
2020-05-29,81,GHCND:USW00094728
2020-05-30,81,GHCND:USW00094728
2020-05-31,70,GHCND:USW00094728
2020-06-01,70,GHCND:USW00094728
2020-06-02,72,GHCND:USW00094728
2020-06-03,79,GHCND:USW00094728
2020-06-04,84,GHCND:USW00094728
2020-06-05,79,GHCND:USW00094728
2020-06-06,86,GHCND:USW00094728
2020-06-07,76,GHCND:USW00094728
2020-06-08,79,GHCND:USW00094728
2020-06-09,87,GHCND:USW00094728
2020-06-10,85,GHCND:USW00094728
2020-06-11,84,GHCND:USW00094728
2020-06-12,85,GHCND:USW00094728
2020-06-13,75,GHCND:USW00094728
2020-06-14,74,GHCND:USW00094728
2020-06-15,75,GHCND:USW00094728
2020-06-16,78,GHCND:USW00094728
2020-06-17,78,GHCND:USW00094728
2020-06-18,77,GHCND:USW00094728
2020-06-19,83,GHCND:USW00094728
2020-06-20,86,GHCND:USW00094728
2020-06-21,88,GHCND:USW00094728
2020-06-22,90,GHCND:USW00094728
2020-06-23,87,GHCND:USW00094728
2020-06-24,86,GHCND:USW00094728
2020-06-25,87,GHCND:USW00094728
2020-06-26,87,GHCND:USW00094728
2020-06-27,80,GHCND:USW00094728
2020-06-28,90,GHCND:USW00094728
2020-06-29,87,GHCND:USW00094728
2020-06-30,80,GHCND:USW00094728
2020-07-01,80,GHCND:USW00094728
2020-07-02,92,GHCND:USW00094728
2020-07-03,90,GHCND:USW00094728
2020-07-04,87,GHCND:USW00094728
2020-07-05,92,GHCND:USW00094728
2020-07-06,96,GHCND:USW00094728
2020-07-07,82,GHCND:USW00094728
2020-07-08,83,GHCND:USW00094728
2020-07-09,89,GHCND:USW00094728
2020-07-10,77,GHCND:USW00094728
2020-07-11,83,GHCND:USW00094728
2020-07-12,87,GHCND:USW00094728
2020-07-13,86,GHCND:USW00094728
2020-07-14,85,GHCND:USW00094728
2020-07-15,82,GHCND:USW00094728
2020-07-16,78,GHCND:USW00094728
2020-07-17,84,GHCND:USW00094728
2020-07-18,91,GHCND:USW00094728
2020-07-19,94,GHCND:USW00094728
2020-07-20,93,GHCND:USW00094728
2020-07-21,91,GHCND:USW00094728
2020-07-22,92,GHCND:USW00094728
2020-07-23,86,GHCND:USW00094728
2020-07-24,80,GHCND:USW00094728
2020-07-25,88,GHCND:USW00094728
2020-07-26,92,GHCND:USW00094728
2020-07-27,93,GHCND:USW00094728
2020-07-28,93,GHCND:USW00094728
2020-07-29,90,GHCND:USW00094728
2020-07-30,92,GHCND:USW00094728
2020-07-31,82,GHCND:USW00094728
2020-08-01,88,GHCND:USW00094728
2020-08-02,89,GHCND:USW00094728
2020-08-03,88,GHCND:USW00094728
2020-08-04,79,GHCND:USW00094728
2020-08-05,86,GHCND:USW00094728
2020-08-06,82,GHCND:USW00094728
2020-08-07,81,GHCND:USW00094728
2020-08-08,83,GHCND:USW00094728
2020-08-09,87,GHCND:USW00094728
2020-08-10,92,GHCND:USW00094728
2020-08-11,88,GHCND:USW00094728
2020-08-12,90,GHCND:USW00094728
2020-08-13,79,GHCND:USW00094728
2020-08-14,86,GHCND:USW00094728
2020-08-15,84,GHCND:USW00094728
2020-08-16,72,GHCND:USW00094728
2020-08-17,81,GHCND:USW00094728
2020-08-18,82,GHCND:USW00094728
2020-08-19,75,GHCND:USW00094728
2020-08-20,80,GHCND:USW00094728
2020-08-21,83,GHCND:USW00094728
2020-08-22,88,GHCND:USW00094728
2020-08-23,86,GHCND:USW00094728
2020-08-24,90,GHCND:USW00094728
2020-08-25,89,GHCND:USW00094728
2020-08-26,77,GHCND:USW00094728
2020-08-27,90,GHCND:USW00094728
2020-08-28,85,GHCND:USW00094728
2020-08-29,81,GHCND:USW00094728
2020-08-30,79,GHCND:USW00094728
2020-08-31,77,GHCND:USW00094728
2020-09-01,77,GHCND:USW00094728
2020-09-02,79,GHCND:USW00094728
2020-09-03,85,GHCND:USW00094728
2020-09-04,85,GHCND:USW00094728
2020-09-05,80,GHCND:USW00094728
2020-09-06,82,GHCND:USW00094728
2020-09-07,79,GHCND:USW00094728
2020-09-08,84,GHCND:USW00094728
2020-09-09,81,GHCND:USW00094728
2020-09-10,82,GHCND:USW00094728
2020-09-11,76,GHCND:USW00094728
2020-09-12,74,GHCND:USW00094728
2020-09-13,74,GHCND:USW00094728
2020-09-14,75,GHCND:USW00094728
2020-09-15,66,GHCND:USW00094728
2020-09-16,71,GHCND:USW00094728
2020-09-17,75,GHCND:USW00094728
2020-09-18,70,GHCND:USW00094728
2020-09-19,63,GHCND:USW00094728
2020-09-20,65,GHCND:USW00094728
2020-09-21,65,GHCND:USW00094728
2020-09-22,71,GHCND:USW00094728
2020-09-23,79,GHCND:USW00094728
2020-09-24,75,GHCND:USW00094728
2020-09-25,77,GHCND:USW00094728
2020-09-26,74,GHCND:USW00094728
2020-09-27,79,GHCND:USW00094728
2020-09-28,77,GHCND:USW00094728
2020-09-29,74,GHCND:USW00094728
2020-09-30,71,GHCND:USW00094728
2020-10-01,72,GHCND:USW00094728
2020-10-02,65,GHCND:USW00094728
2020-10-03,66,GHCND:USW00094728
2020-10-04,67,GHCND:USW00094728
2020-10-05,70,GHCND:USW00094728
2020-10-06,69,GHCND:USW00094728
2020-10-07,74,GHCND:USW00094728
2020-10-08,64,GHCND:USW00094728
2020-10-09,69,GHCND:USW00094728
2020-10-10,71,GHCND:USW00094728
2020-10-11,67,GHCND:USW00094728
2020-10-12,57,GHCND:USW00094728
2020-10-13,58,GHCND:USW00094728
2020-10-14,67,GHCND:USW00094728
2020-10-15,71,GHCND:USW00094728
2020-10-16,66,GHCND:USW00094728
2020-10-17,59,GHCND:USW00094728
2020-10-18,62,GHCND:USW00094728
2020-10-19,65,GHCND:USW00094728
2020-10-20,71,GHCND:USW00094728
2020-10-21,68,GHCND:USW00094728
2020-10-22,68,GHCND:USW00094728
2020-10-23,69,GHCND:USW00094728
2020-10-24,69,GHCND:USW00094728
2020-10-25,53,GHCND:USW00094728
2020-10-26,59,GHCND:USW00094728
2020-10-27,59,GHCND:USW00094728
2020-10-28,57,GHCND:USW00094728
2020-10-29,56,GHCND:USW00094728
2020-10-30,47,GHCND:USW00094728
2020-10-31,46,GHCND:USW00094728
2020-11-01,55,GHCND:USW00094728
2020-11-02,44,GHCND:USW00094728
2020-11-03,53,GHCND:USW00094728
2020-11-04,62,GHCND:USW00094728
2020-11-05,67,GHCND:USW00094728
2020-11-06,70,GHCND:USW00094728
2020-11-07,74,GHCND:USW00094728
2020-11-08,75,GHCND:USW00094728
2020-11-09,75,GHCND:USW00094728
2020-11-10,74,GHCND:USW00094728
2020-11-11,72,GHCND:USW00094728
2020-11-12,68,GHCND:USW00094728
2020-11-13,50,GHCND:USW00094728
2020-11-14,52,GHCND:USW00094728
2020-11-15,64,GHCND:USW00094728
2020-11-16,55,GHCND:USW00094728
2020-11-17,50,GHCND:USW00094728
2020-11-18,36,GHCND:USW00094728
2020-11-19,48,GHCND:USW00094728
2020-11-20,63,GHCND:USW00094728
2020-11-21,64,GHCND:USW00094728
2020-11-22,59,GHCND:USW00094728
2020-11-23,60,GHCND:USW00094728
2020-11-24,48,GHCND:USW00094728
2020-11-25,56,GHCND:USW00094728
2020-11-26,65,GHCND:USW00094728
2020-11-27,63,GHCND:USW00094728
2020-11-28,56,GHCND:USW00094728
2020-11-29,54,GHCND:USW00094728
2020-11-30,63,GHCND:USW00094728
2020-12-01,62,GHCND:USW00094728
2020-12-02,43,GHCND:USW00094728
2020-12-03,50,GHCND:USW00094728
2020-12-04,52,GHCND:USW00094728
2020-12-05,47,GHCND:USW00094728
2020-12-06,40,GHCND:USW00094728
2020-12-07,40,GHCND:USW00094728
2020-12-08,36,GHCND:USW00094728
2020-12-09,38,GHCND:USW00094728
2020-12-10,49,GHCND:USW00094728
2020-12-11,57,GHCND:USW00094728
2020-12-12,58,GHCND:USW00094728
2020-12-13,62,GHCND:USW00094728
2020-12-14,47,GHCND:USW00094728
2020-12-15,39,GHCND:USW00094728
2020-12-16,31,GHCND:USW00094728
2020-12-17,33,GHCND:USW00094728
2020-12-18,32,GHCND:USW00094728
2020-12-19,32,GHCND:USW00094728
2020-12-20,40,GHCND:USW00094728
2020-12-21,46,GHCND:USW00094728
2020-12-22,46,GHCND:USW00094728
2020-12-23,45,GHCND:USW00094728
2020-12-24,59,GHCND:USW00094728
2020-12-25,61,GHCND:USW00094728
2020-12-26,32,GHCND:USW00094728
2020-12-27,37,GHCND:USW00094728
2020-12-28,50,GHCND:USW00094728
2020-12-29,43,GHCND:USW00094728
2020-12-30,43,GHCND:USW00094728
2020-12-31,48,GHCND:USW00094728
2021-01-01,40,GHCND:USW00094728
2021-01-02,51,GHCND:USW00094728
2021-01-03,38,GHCND:USW00094728
2021-01-04,43,GHCND:USW00094728
2021-01-05,42,GHCND:USW00094728
2021-01-06,41,GHCND:USW00094728
2021-01-07,41,GHCND:USW00094728
2021-01-08,37,GHCND:USW00094728
2021-01-09,37,GHCND:USW00094728
2021-01-10,41,GHCND:USW00094728
2021-01-11,37,GHCND:USW00094728
2021-01-12,44,GHCND:USW00094728
2021-01-13,43,GHCND:USW00094728
2021-01-14,49,GHCND:USW00094728
2021-01-15,46,GHCND:USW00094728
2021-01-16,47,GHCND:USW00094728
2021-01-17,44,GHCND:USW00094728
2021-01-18,45,GHCND:USW00094728
2021-01-19,43,GHCND:USW00094728
2021-01-20,40,GHCND:USW00094728
2021-01-21,43,GHCND:USW00094728
2021-01-22,45,GHCND:USW00094728
2021-01-23,36,GHCND:USW00094728
2021-01-24,32,GHCND:USW00094728
2021-01-25,37,GHCND:USW00094728
2021-01-26,34,GHCND:USW00094728
2021-01-27,37,GHCND:USW00094728
2021-01-28,34,GHCND:USW00094728
2021-01-29,25,GHCND:USW00094728
2021-01-30,32,GHCND:USW00094728
2021-01-31,26,GHCND:USW00094728
2021-02-01,34,GHCND:USW00094728
2021-02-02,33,GHCND:USW00094728
2021-02-03,37,GHCND:USW00094728
2021-02-04,43,GHCND:USW00094728
2021-02-05,47,GHCND:USW00094728
2021-02-06,44,GHCND:USW00094728
2021-02-07,40,GHCND:USW00094728
2021-02-08,29,GHCND:USW00094728
2021-02-09,33,GHCND:USW00094728
2021-02-10,35,GHCND:USW00094728
2021-02-11,33,GHCND:USW00094728
2021-02-12,30,GHCND:USW00094728
2021-02-13,30,GHCND:USW00094728
2021-02-14,38,GHCND:USW00094728
2021-02-15,36,GHCND:USW00094728
2021-02-16,51,GHCND:USW00094728
2021-02-17,34,GHCND:USW00094728
2021-02-18,30,GHCND:USW00094728
2021-02-19,33,GHCND:USW00094728
2021-02-20,35,GHCND:USW00094728
2021-02-21,37,GHCND:USW00094728
2021-02-22,39,GHCND:USW00094728
2021-02-23,45,GHCND:USW00094728
2021-02-24,54,GHCND:USW00094728
2021-02-25,50,GHCND:USW00094728
2021-02-26,45,GHCND:USW00094728
2021-02-27,50,GHCND:USW00094728
2021-02-28,45,GHCND:USW00094728
2021-03-01,49,GHCND:USW00094728
2021-03-02,33,GHCND:USW00094728
2021-03-03,52,GHCND:USW00094728
2021-03-04,45,GHCND:USW00094728
2021-03-05,37,GHCND:USW00094728
2021-03-06,34,GHCND:USW00094728
2021-03-07,41,GHCND:USW00094728
2021-03-08,43,GHCND:USW00094728
2021-03-09,64,GHCND:USW00094728
2021-03-10,54,GHCND:USW00094728
2021-03-11,71,GHCND:USW00094728
2021-03-12,68,GHCND:USW00094728
2021-03-13,52,GHCND:USW00094728
2021-03-14,54,GHCND:USW00094728
2021-03-15,39,GHCND:USW00094728
2021-03-16,37,GHCND:USW00094728
2021-03-17,47,GHCND:USW00094728
2021-03-18,47,GHCND:USW00094728
2021-03-19,43,GHCND:USW00094728
2021-03-20,59,GHCND:USW00094728
2021-03-21,63,GHCND:USW00094728
2021-03-22,62,GHCND:USW00094728
2021-03-23,66,GHCND:USW00094728
2021-03-24,56,GHCND:USW00094728
2021-03-25,68,GHCND:USW00094728
2021-03-26,82,GHCND:USW00094728
2021-03-27,69,GHCND:USW00094728
2021-03-28,60,GHCND:USW00094728
2021-03-29,55,GHCND:USW00094728
2021-03-30,61,GHCND:USW00094728
2021-03-31,67,GHCND:USW00094728
2021-04-01,58,GHCND:USW00094728
2021-04-02,39,GHCND:USW00094728
2021-04-03,53,GHCND:USW00094728
2021-04-04,65,GHCND:USW00094728
2021-04-05,68,GHCND:USW00094728
2021-04-06,70,GHCND:USW00094728
2021-04-07,72,GHCND:USW00094728
2021-04-08,70,GHCND:USW00094728
2021-04-09,59,GHCND:USW00094728
2021-04-10,70,GHCND:USW00094728
2021-04-11,57,GHCND:USW00094728
2021-04-12,51,GHCND:USW00094728
2021-04-13,65,GHCND:USW00094728
2021-04-14,72,GHCND:USW00094728
2021-04-15,58,GHCND:USW00094728
2021-04-16,53,GHCND:USW00094728
2021-04-17,56,GHCND:USW00094728
2021-04-18,64,GHCND:USW00094728
2021-04-19,65,GHCND:USW00094728
2021-04-20,76,GHCND:USW00094728
2021-04-21,68,GHCND:USW00094728
2021-04-22,48,GHCND:USW00094728
2021-04-23,64,GHCND:USW00094728
2021-04-24,72,GHCND:USW00094728
2021-04-25,63,GHCND:USW00094728
2021-04-26,60,GHCND:USW00094728
2021-04-27,64,GHCND:USW00094728
2021-04-28,85,GHCND:USW00094728
2021-04-29,75,GHCND:USW00094728
2021-04-30,71,GHCND:USW00094728
2021-05-01,65,GHCND:USW00094728
2021-05-02,82,GHCND:USW00094728
2021-05-03,66,GHCND:USW00094728
2021-05-04,73,GHCND:USW00094728
2021-05-05,62,GHCND:USW00094728
2021-05-06,66,GHCND:USW00094728
2021-05-07,66,GHCND:USW00094728
2021-05-08,55,GHCND:USW00094728
2021-05-09,65,GHCND:USW00094728
2021-05-10,60,GHCND:USW00094728
2021-05-11,67,GHCND:USW00094728
2021-05-12,68,GHCND:USW00094728
2021-05-13,72,GHCND:USW00094728
2021-05-14,76,GHCND:USW00094728
2021-05-15,79,GHCND:USW00094728
2021-05-16,75,GHCND:USW00094728
2021-05-17,78,GHCND:USW00094728
2021-05-18,82,GHCND:USW00094728
2021-05-19,86,GHCND:USW00094728
2021-05-20,76,GHCND:USW00094728
2021-05-21,79,GHCND:USW00094728
2021-05-22,89,GHCND:USW00094728
2021-05-23,88,GHCND:USW00094728
2021-05-24,68,GHCND:USW00094728
2021-05-25,73,GHCND:USW00094728
2021-05-26,86,GHCND:USW00094728
2021-05-27,81,GHCND:USW00094728
2021-05-28,69,GHCND:USW00094728
2021-05-29,51,GHCND:USW00094728
2021-05-30,51,GHCND:USW00094728
2021-05-31,70,GHCND:USW00094728
2021-06-01,76,GHCND:USW00094728
2021-06-02,75,GHCND:USW00094728
2021-06-03,74,GHCND:USW00094728
2021-06-04,78,GHCND:USW00094728
2021-06-05,89,GHCND:USW00094728
2021-06-06,92,GHCND:USW00094728
2021-06-07,91,GHCND:USW00094728
2021-06-08,90,GHCND:USW00094728
2021-06-09,90,GHCND:USW00094728
2021-06-10,84,GHCND:USW00094728
2021-06-11,69,GHCND:USW00094728
2021-06-12,69,GHCND:USW00094728
2021-06-13,76,GHCND:USW00094728
2021-06-14,73,GHCND:USW00094728
2021-06-15,80,GHCND:USW00094728
2021-06-16,77,GHCND:USW00094728
2021-06-17,78,GHCND:USW00094728
2021-06-18,84,GHCND:USW00094728
2021-06-19,88,GHCND:USW00094728
2021-06-20,86,GHCND:USW00094728
2021-06-21,86,GHCND:USW00094728
2021-06-22,78,GHCND:USW00094728
2021-06-23,76,GHCND:USW00094728
2021-06-24,77,GHCND:USW00094728
2021-06-25,81,GHCND:USW00094728
2021-06-26,83,GHCND:USW00094728
2021-06-27,90,GHCND:USW00094728
2021-06-28,92,GHCND:USW00094728
2021-06-29,95,GHCND:USW00094728
2021-06-30,98,GHCND:USW00094728
2021-07-01,84,GHCND:USW00094728
2021-07-02,79,GHCND:USW00094728
2021-07-03,66,GHCND:USW00094728
2021-07-04,79,GHCND:USW00094728
2021-07-05,83,GHCND:USW00094728
2021-07-06,92,GHCND:USW00094728
2021-07-07,91,GHCND:USW00094728
2021-07-08,84,GHCND:USW00094728
2021-07-09,85,GHCND:USW00094728
2021-07-10,81,GHCND:USW00094728
2021-07-11,78,GHCND:USW00094728
2021-07-12,86,GHCND:USW00094728
2021-07-13,72,GHCND:USW00094728
2021-07-14,87,GHCND:USW00094728
2021-07-15,89,GHCND:USW00094728
2021-07-16,91,GHCND:USW00094728
2021-07-17,91,GHCND:USW00094728
2021-07-18,84,GHCND:USW00094728
2021-07-19,81,GHCND:USW00094728
2021-07-20,86,GHCND:USW00094728
2021-07-21,80,GHCND:USW00094728
2021-07-22,81,GHCND:USW00094728
2021-07-23,83,GHCND:USW00094728
2021-07-24,84,GHCND:USW00094728
2021-07-25,83,GHCND:USW00094728
2021-07-26,88,GHCND:USW00094728
2021-07-27,89,GHCND:USW00094728
2021-07-28,81,GHCND:USW00094728
2021-07-29,77,GHCND:USW00094728
2021-07-30,82,GHCND:USW00094728
2021-07-31,77,GHCND:USW00094728
2021-08-01,77,GHCND:USW00094728
2021-08-02,80,GHCND:USW00094728
2021-08-03,79,GHCND:USW00094728
2021-08-04,76,GHCND:USW00094728
2021-08-05,81,GHCND:USW00094728
2021-08-06,88,GHCND:USW00094728
2021-08-07,87,GHCND:USW00094728
2021-08-08,77,GHCND:USW00094728
2021-08-09,81,GHCND:USW00094728
2021-08-10,84,GHCND:USW00094728
2021-08-11,89,GHCND:USW00094728
2021-08-12,93,GHCND:USW00094728
2021-08-13,94,GHCND:USW00094728
2021-08-14,88,GHCND:USW00094728
2021-08-15,83,GHCND:USW00094728
2021-08-16,83,GHCND:USW00094728
2021-08-17,81,GHCND:USW00094728
2021-08-18,83,GHCND:USW00094728
2021-08-19,85,GHCND:USW00094728
2021-08-20,82,GHCND:USW00094728
2021-08-21,82,GHCND:USW00094728
2021-08-22,76,GHCND:USW00094728
2021-08-23,83,GHCND:USW00094728
2021-08-24,89,GHCND:USW00094728
2021-08-25,91,GHCND:USW00094728
2021-08-26,91,GHCND:USW00094728
2021-08-27,93,GHCND:USW00094728
2021-08-28,80,GHCND:USW00094728
2021-08-29,76,GHCND:USW00094728
2021-08-30,85,GHCND:USW00094728
2021-08-31,83,GHCND:USW00094728
2021-09-01,78,GHCND:USW00094728
2021-09-02,77,GHCND:USW00094728
2021-09-03,74,GHCND:USW00094728
2021-09-04,79,GHCND:USW00094728
2021-09-05,74,GHCND:USW00094728
2021-09-06,81,GHCND:USW00094728
2021-09-07,79,GHCND:USW00094728
2021-09-08,82,GHCND:USW00094728
2021-09-09,76,GHCND:USW00094728
2021-09-10,74,GHCND:USW00094728
2021-09-11,76,GHCND:USW00094728
2021-09-12,81,GHCND:USW00094728
2021-09-13,83,GHCND:USW00094728
2021-09-14,80,GHCND:USW00094728
2021-09-15,85,GHCND:USW00094728
2021-09-16,76,GHCND:USW00094728
2021-09-17,75,GHCND:USW00094728
2021-09-18,84,GHCND:USW00094728
2021-09-19,76,GHCND:USW00094728
2021-09-20,75,GHCND:USW00094728
2021-09-21,76,GHCND:USW00094728
2021-09-22,79,GHCND:USW00094728
2021-09-23,79,GHCND:USW00094728
2021-09-24,72,GHCND:USW00094728
2021-09-25,75,GHCND:USW00094728
2021-09-26,71,GHCND:USW00094728
2021-09-27,78,GHCND:USW00094728
2021-09-28,71,GHCND:USW00094728
2021-09-29,68,GHCND:USW00094728
2021-09-30,65,GHCND:USW00094728
2021-10-01,67,GHCND:USW00094728
2021-10-02,74,GHCND:USW00094728
2021-10-03,77,GHCND:USW00094728
2021-10-04,73,GHCND:USW00094728
2021-10-05,65,GHCND:USW00094728
2021-10-06,69,GHCND:USW00094728
2021-10-07,73,GHCND:USW00094728
2021-10-08,76,GHCND:USW00094728
2021-10-09,67,GHCND:USW00094728
2021-10-10,66,GHCND:USW00094728
2021-10-11,71,GHCND:USW00094728
2021-10-12,69,GHCND:USW00094728
2021-10-13,69,GHCND:USW00094728
2021-10-14,76,GHCND:USW00094728
2021-10-15,79,GHCND:USW00094728
2021-10-16,76,GHCND:USW00094728
2021-10-17,61,GHCND:USW00094728
2021-10-18,58,GHCND:USW00094728
2021-10-19,66,GHCND:USW00094728
2021-10-20,75,GHCND:USW00094728
2021-10-21,73,GHCND:USW00094728
2021-10-22,69,GHCND:USW00094728
2021-10-23,59,GHCND:USW00094728
2021-10-24,59,GHCND:USW00094728
2021-10-25,73,GHCND:USW00094728
2021-10-26,63,GHCND:USW00094728
2021-10-27,61,GHCND:USW00094728
2021-10-28,57,GHCND:USW00094728
2021-10-29,56,GHCND:USW00094728
2021-10-30,64,GHCND:USW00094728
2021-10-31,63,GHCND:USW00094728
2021-11-01,58,GHCND:USW00094728
2021-11-02,53,GHCND:USW00094728
2021-11-03,51,GHCND:USW00094728
2021-11-04,50,GHCND:USW00094728
2021-11-05,51,GHCND:USW00094728
2021-11-06,52,GHCND:USW00094728
2021-11-07,53,GHCND:USW00094728
2021-11-08,63,GHCND:USW00094728
2021-11-09,68,GHCND:USW00094728
2021-11-10,64,GHCND:USW00094728
2021-11-11,61,GHCND:USW00094728
2021-11-12,65,GHCND:USW00094728
2021-11-13,62,GHCND:USW00094728
2021-11-14,48,GHCND:USW00094728
2021-11-15,47,GHCND:USW00094728
2021-11-16,49,GHCND:USW00094728
2021-11-17,57,GHCND:USW00094728
2021-11-18,69,GHCND:USW00094728
2021-11-19,48,GHCND:USW00094728
2021-11-20,47,GHCND:USW00094728
2021-11-21,56,GHCND:USW00094728
2021-11-22,55,GHCND:USW00094728
2021-11-23,42,GHCND:USW00094728
2021-11-24,45,GHCND:USW00094728
2021-11-25,56,GHCND:USW00094728
2021-11-26,47,GHCND:USW00094728
2021-11-27,39,GHCND:USW00094728
2021-11-28,41,GHCND:USW00094728
2021-11-29,45,GHCND:USW00094728
2021-11-30,41,GHCND:USW00094728
2021-12-01,49,GHCND:USW00094728
2021-12-02,58,GHCND:USW00094728
2021-12-03,48,GHCND:USW00094728
2021-12-04,48,GHCND:USW00094728
2021-12-05,49,GHCND:USW00094728
2021-12-06,61,GHCND:USW00094728
2021-12-07,43,GHCND:USW00094728
2021-12-08,42,GHCND:USW00094728
2021-12-09,39,GHCND:USW00094728
2021-12-10,50,GHCND:USW00094728
2021-12-11,66,GHCND:USW00094728
2021-12-12,56,GHCND:USW00094728
2021-12-13,53,GHCND:USW00094728
2021-12-14,53,GHCND:USW00094728
2021-12-15,57,GHCND:USW00094728
2021-12-16,62,GHCND:USW00094728
2021-12-17,60,GHCND:USW00094728
2021-12-18,48,GHCND:USW00094728
2021-12-19,45,GHCND:USW00094728
2021-12-20,37,GHCND:USW00094728
2021-12-21,43,GHCND:USW00094728
2021-12-22,47,GHCND:USW00094728
2021-12-23,36,GHCND:USW00094728
2021-12-24,40,GHCND:USW00094728
2021-12-25,52,GHCND:USW00094728
2021-12-26,51,GHCND:USW00094728
2021-12-27,39,GHCND:USW00094728
2021-12-28,47,GHCND:USW00094728
2021-12-29,44,GHCND:USW00094728
2021-12-30,49,GHCND:USW00094728
2021-12-31,55,GHCND:USW00094728
2022-01-01,56,GHCND:USW00094728
2022-01-02,59,GHCND:USW00094728
2022-01-03,37,GHCND:USW00094728
2022-01-04,34,GHCND:USW00094728
2022-01-05,47,GHCND:USW00094728
2022-01-06,41,GHCND:USW00094728
2022-01-07,34,GHCND:USW00094728
2022-01-08,30,GHCND:USW00094728
2022-01-09,40,GHCND:USW00094728
2022-01-10,40,GHCND:USW00094728
2022-01-11,24,GHCND:USW00094728
2022-01-12,40,GHCND:USW00094728
2022-01-13,48,GHCND:USW00094728
2022-01-14,43,GHCND:USW00094728
2022-01-15,21,GHCND:USW00094728
2022-01-16,37,GHCND:USW00094728
2022-01-17,44,GHCND:USW00094728
2022-01-18,36,GHCND:USW00094728
2022-01-19,49,GHCND:USW00094728
2022-01-20,46,GHCND:USW00094728
2022-01-21,22,GHCND:USW00094728
2022-01-22,29,GHCND:USW00094728
2022-01-23,37,GHCND:USW00094728
2022-01-24,36,GHCND:USW00094728
2022-01-25,42,GHCND:USW00094728
2022-01-26,28,GHCND:USW00094728
2022-01-27,32,GHCND:USW00094728
2022-01-28,32,GHCND:USW00094728
2022-01-29,29,GHCND:USW00094728
2022-01-30,26,GHCND:USW00094728
2022-01-31,31,GHCND:USW00094728
2022-02-01,36,GHCND:USW00094728
2022-02-02,47,GHCND:USW00094728
2022-02-03,52,GHCND:USW00094728
2022-02-04,57,GHCND:USW00094728
2022-02-05,27,GHCND:USW00094728
2022-02-06,30,GHCND:USW00094728
2022-02-07,37,GHCND:USW00094728
2022-02-08,45,GHCND:USW00094728
2022-02-09,46,GHCND:USW00094728
2022-02-10,54,GHCND:USW00094728
2022-02-11,57,GHCND:USW00094728
2022-02-12,59,GHCND:USW00094728
2022-02-13,42,GHCND:USW00094728
2022-02-14,25,GHCND:USW00094728
2022-02-15,30,GHCND:USW00094728
2022-02-16,49,GHCND:USW00094728
2022-02-17,68,GHCND:USW00094728
2022-02-18,63,GHCND:USW00094728
2022-02-19,40,GHCND:USW00094728
2022-02-20,36,GHCND:USW00094728
2022-02-21,55,GHCND:USW00094728
2022-02-22,61,GHCND:USW00094728
2022-02-23,68,GHCND:USW00094728
2022-02-24,35,GHCND:USW00094728
2022-02-25,41,GHCND:USW00094728
2022-02-26,37,GHCND:USW00094728
2022-02-27,48,GHCND:USW00094728
2022-02-28,36,GHCND:USW00094728
2022-03-01,48,GHCND:USW00094728
2022-03-02,52,GHCND:USW00094728
2022-03-03,48,GHCND:USW00094728
2022-03-04,37,GHCND:USW00094728
2022-03-05,46,GHCND:USW00094728
2022-03-06,68,GHCND:USW00094728
2022-03-07,74,GHCND:USW00094728
2022-03-08,50,GHCND:USW00094728
2022-03-09,41,GHCND:USW00094728
2022-03-10,51,GHCND:USW00094728
2022-03-11,55,GHCND:USW00094728
2022-03-12,48,GHCND:USW00094728
2022-03-13,35,GHCND:USW00094728
2022-03-14,56,GHCND:USW00094728
2022-03-15,68,GHCND:USW00094728
2022-03-16,67,GHCND:USW00094728
2022-03-17,53,GHCND:USW00094728
2022-03-18,74,GHCND:USW00094728
2022-03-19,70,GHCND:USW00094728
2022-03-20,61,GHCND:USW00094728
2022-03-21,62,GHCND:USW00094728
2022-03-22,58,GHCND:USW00094728
2022-03-23,49,GHCND:USW00094728
2022-03-24,47,GHCND:USW00094728
2022-03-25,60,GHCND:USW00094728
2022-03-26,53,GHCND:USW00094728
2022-03-27,46,GHCND:USW00094728
2022-03-28,33,GHCND:USW00094728
2022-03-29,38,GHCND:USW00094728
2022-03-30,47,GHCND:USW00094728
2022-03-31,66,GHCND:USW00094728
2022-04-01,61,GHCND:USW00094728
2022-04-02,54,GHCND:USW00094728
2022-04-03,48,GHCND:USW00094728
2022-04-04,54,GHCND:USW00094728
2022-04-05,57,GHCND:USW00094728
2022-04-06,53,GHCND:USW00094728
2022-04-07,54,GHCND:USW00094728
2022-04-08,65,GHCND:USW00094728
2022-04-09,55,GHCND:USW00094728
2022-04-10,50,GHCND:USW00094728
2022-04-11,61,GHCND:USW00094728
2022-04-12,72,GHCND:USW00094728
2022-04-13,71,GHCND:USW00094728
2022-04-14,79,GHCND:USW00094728
2022-04-15,70,GHCND:USW00094728
2022-04-16,73,GHCND:USW00094728
2022-04-17,51,GHCND:USW00094728
2022-04-18,54,GHCND:USW00094728
2022-04-19,50,GHCND:USW00094728
2022-04-20,60,GHCND:USW00094728
2022-04-21,59,GHCND:USW00094728
2022-04-22,70,GHCND:USW00094728
2022-04-23,65,GHCND:USW00094728
2022-04-24,63,GHCND:USW00094728
2022-04-25,58,GHCND:USW00094728
2022-04-26,60,GHCND:USW00094728
2022-04-27,58,GHCND:USW00094728
2022-04-28,58,GHCND:USW00094728
2022-04-29,63,GHCND:USW00094728
2022-04-30,68,GHCND:USW00094728
2022-05-01,69,GHCND:USW00094728
2022-05-02,56,GHCND:USW00094728
2022-05-03,62,GHCND:USW00094728
2022-05-04,65,GHCND:USW00094728
2022-05-05,74,GHCND:USW00094728
2022-05-06,61,GHCND:USW00094728
2022-05-07,50,GHCND:USW00094728
2022-05-08,58,GHCND:USW00094728
2022-05-09,70,GHCND:USW00094728
2022-05-10,73,GHCND:USW00094728
2022-05-11,75,GHCND:USW00094728
2022-05-12,75,GHCND:USW00094728
2022-05-13,72,GHCND:USW00094728
2022-05-14,72,GHCND:USW00094728
2022-05-15,76,GHCND:USW00094728
2022-05-16,75,GHCND:USW00094728
2022-05-17,77,GHCND:USW00094728
2022-05-18,72,GHCND:USW00094728
2022-05-19,66,GHCND:USW00094728
2022-05-20,69,GHCND:USW00094728
2022-05-21,90,GHCND:USW00094728
2022-05-22,89,GHCND:USW00094728
2022-05-23,73,GHCND:USW00094728
2022-05-24,67,GHCND:USW00094728
2022-05-25,70,GHCND:USW00094728
2022-05-26,70,GHCND:USW00094728
2022-05-27,80,GHCND:USW00094728
2022-05-28,74,GHCND:USW00094728
2022-05-29,77,GHCND:USW00094728
2022-05-30,84,GHCND:USW00094728
2022-05-31,93,GHCND:USW00094728
2022-06-01,72,GHCND:USW00094728
2022-06-02,79,GHCND:USW00094728
2022-06-03,76,GHCND:USW00094728
2022-06-04,80,GHCND:USW00094728
2022-06-05,77,GHCND:USW00094728
2022-06-06,80,GHCND:USW00094728
2022-06-07,78,GHCND:USW00094728
2022-06-08,82,GHCND:USW00094728
2022-06-09,81,GHCND:USW00094728
2022-06-10,77,GHCND:USW00094728
2022-06-11,74,GHCND:USW00094728
2022-06-12,72,GHCND:USW00094728
2022-06-13,85,GHCND:USW00094728
2022-06-14,81,GHCND:USW00094728
2022-06-15,83,GHCND:USW00094728
2022-06-16,71,GHCND:USW00094728
2022-06-17,88,GHCND:USW00094728
2022-06-18,75,GHCND:USW00094728
2022-06-19,73,GHCND:USW00094728
2022-06-20,78,GHCND:USW00094728
2022-06-21,80,GHCND:USW00094728
2022-06-22,67,GHCND:USW00094728
2022-06-23,74,GHCND:USW00094728
2022-06-24,81,GHCND:USW00094728
2022-06-25,90,GHCND:USW00094728
2022-06-26,89,GHCND:USW00094728
2022-06-27,77,GHCND:USW00094728
2022-06-28,79,GHCND:USW00094728
2022-06-29,84,GHCND:USW00094728
2022-06-30,86,GHCND:USW00094728
2022-07-01,91,GHCND:USW00094728
2022-07-02,87,GHCND:USW00094728
2022-07-03,88,GHCND:USW00094728
2022-07-04,85,GHCND:USW00094728
2022-07-05,87,GHCND:USW00094728
2022-07-06,85,GHCND:USW00094728
2022-07-07,84,GHCND:USW00094728
2022-07-08,83,GHCND:USW00094728
2022-07-09,85,GHCND:USW00094728
2022-07-10,83,GHCND:USW00094728
2022-07-11,85,GHCND:USW00094728
2022-07-12,90,GHCND:USW00094728
2022-07-13,91,GHCND:USW00094728
2022-07-14,90,GHCND:USW00094728
2022-07-15,86,GHCND:USW00094728
2022-07-16,85,GHCND:USW00094728
2022-07-17,83,GHCND:USW00094728
2022-07-18,81,GHCND:USW00094728
2022-07-19,90,GHCND:USW00094728
2022-07-20,95,GHCND:USW00094728
2022-07-21,92,GHCND:USW00094728
2022-07-22,94,GHCND:USW00094728
2022-07-23,95,GHCND:USW00094728
2022-07-24,95,GHCND:USW00094728
2022-07-25,86,GHCND:USW00094728
2022-07-26,81,GHCND:USW00094728
2022-07-27,85,GHCND:USW00094728
2022-07-28,87,GHCND:USW00094728
2022-07-29,85,GHCND:USW00094728
2022-07-30,87,GHCND:USW00094728
2022-07-31,86,GHCND:USW00094728
2022-08-01,77,GHCND:USW00094728
2022-08-02,90,GHCND:USW00094728
2022-08-03,89,GHCND:USW00094728
2022-08-04,93,GHCND:USW00094728
2022-08-05,89,GHCND:USW00094728
2022-08-06,92,GHCND:USW00094728
2022-08-07,92,GHCND:USW00094728
2022-08-08,93,GHCND:USW00094728
2022-08-09,97,GHCND:USW00094728
2022-08-10,87,GHCND:USW00094728
2022-08-11,89,GHCND:USW00094728
2022-08-12,85,GHCND:USW00094728
2022-08-13,79,GHCND:USW00094728
2022-08-14,82,GHCND:USW00094728
2022-08-15,83,GHCND:USW00094728
2022-08-16,83,GHCND:USW00094728
2022-08-17,81,GHCND:USW00094728
2022-08-18,87,GHCND:USW00094728
2022-08-19,90,GHCND:USW00094728
2022-08-20,90,GHCND:USW00094728
2022-08-21,82,GHCND:USW00094728
2022-08-22,79,GHCND:USW00094728
2022-08-23,86,GHCND:USW00094728
2022-08-24,90,GHCND:USW00094728
2022-08-25,91,GHCND:USW00094728
2022-08-26,87,GHCND:USW00094728
2022-08-27,90,GHCND:USW00094728
2022-08-28,82,GHCND:USW00094728
2022-08-29,85,GHCND:USW00094728
2022-08-30,89,GHCND:USW00094728
2022-08-31,85,GHCND:USW00094728
2022-09-01,86,GHCND:USW00094728
2022-09-02,79,GHCND:USW00094728
2022-09-03,82,GHCND:USW00094728
2022-09-04,90,GHCND:USW00094728
2022-09-05,88,GHCND:USW00094728
2022-09-06,74,GHCND:USW00094728
2022-09-07,72,GHCND:USW00094728
2022-09-08,78,GHCND:USW00094728
2022-09-09,80,GHCND:USW00094728
2022-09-10,86,GHCND:USW00094728
2022-09-11,76,GHCND:USW00094728
2022-09-12,81,GHCND:USW00094728
2022-09-13,82,GHCND:USW00094728
2022-09-14,80,GHCND:USW00094728
2022-09-15,74,GHCND:USW00094728
2022-09-16,75,GHCND:USW00094728
2022-09-17,76,GHCND:USW00094728
2022-09-18,83,GHCND:USW00094728
2022-09-19,85,GHCND:USW00094728
2022-09-20,79,GHCND:USW00094728
2022-09-21,80,GHCND:USW00094728
2022-09-22,75,GHCND:USW00094728
2022-09-23,63,GHCND:USW00094728
2022-09-24,69,GHCND:USW00094728
2022-09-25,72,GHCND:USW00094728
2022-09-26,74,GHCND:USW00094728
2022-09-27,70,GHCND:USW00094728
2022-09-28,69,GHCND:USW00094728
2022-09-29,66,GHCND:USW00094728
2022-09-30,62,GHCND:USW00094728
2022-10-01,61,GHCND:USW00094728
2022-10-02,60,GHCND:USW00094728
2022-10-03,53,GHCND:USW00094728
2022-10-04,55,GHCND:USW00094728
2022-10-05,59,GHCND:USW00094728
2022-10-06,74,GHCND:USW00094728
2022-10-07,76,GHCND:USW00094728
2022-10-08,58,GHCND:USW00094728
2022-10-09,61,GHCND:USW00094728
2022-10-10,67,GHCND:USW00094728
2022-10-11,70,GHCND:USW00094728
2022-10-12,70,GHCND:USW00094728
2022-10-13,69,GHCND:USW00094728
2022-10-14,67,GHCND:USW00094728
2022-10-15,68,GHCND:USW00094728
2022-10-16,64,GHCND:USW00094728
2022-10-17,66,GHCND:USW00094728
2022-10-18,56,GHCND:USW00094728
2022-10-19,54,GHCND:USW00094728
2022-10-20,58,GHCND:USW00094728
2022-10-21,62,GHCND:USW00094728
2022-10-22,66,GHCND:USW00094728
2022-10-23,61,GHCND:USW00094728
2022-10-24,61,GHCND:USW00094728
2022-10-25,70,GHCND:USW00094728
2022-10-26,72,GHCND:USW00094728
2022-10-27,65,GHCND:USW00094728
2022-10-28,56,GHCND:USW00094728
2022-10-29,58,GHCND:USW00094728
2022-10-30,63,GHCND:USW00094728
2022-10-31,65,GHCND:USW00094728
2022-11-01,67,GHCND:USW00094728
2022-11-02,70,GHCND:USW00094728
2022-11-03,67,GHCND:USW00094728
2022-11-04,70,GHCND:USW00094728
2022-11-05,76,GHCND:USW00094728
2022-11-06,75,GHCND:USW00094728
2022-11-07,77,GHCND:USW00094728
2022-11-08,58,GHCND:USW00094728
2022-11-09,53,GHCND:USW00094728
2022-11-10,66,GHCND:USW00094728
2022-11-11,68,GHCND:USW00094728
2022-11-12,69,GHCND:USW00094728
2022-11-13,61,GHCND:USW00094728
2022-11-14,45,GHCND:USW00094728
2022-11-15,46,GHCND:USW00094728
2022-11-16,50,GHCND:USW00094728
2022-11-17,46,GHCND:USW00094728
2022-11-18,44,GHCND:USW00094728
2022-11-19,40,GHCND:USW00094728
2022-11-20,40,GHCND:USW00094728
2022-11-21,41,GHCND:USW00094728
2022-11-22,51,GHCND:USW00094728
2022-11-23,55,GHCND:USW00094728
2022-11-24,54,GHCND:USW00094728
2022-11-25,55,GHCND:USW00094728
2022-11-26,57,GHCND:USW00094728
2022-11-27,60,GHCND:USW00094728
2022-11-28,54,GHCND:USW00094728
2022-11-29,44,GHCND:USW00094728
2022-11-30,58,GHCND:USW00094728
2022-12-01,43,GHCND:USW00094728
2022-12-02,47,GHCND:USW00094728
2022-12-03,58,GHCND:USW00094728
2022-12-04,45,GHCND:USW00094728
2022-12-05,48,GHCND:USW00094728
2022-12-06,58,GHCND:USW00094728
2022-12-07,59,GHCND:USW00094728
2022-12-08,55,GHCND:USW00094728
2022-12-09,45,GHCND:USW00094728
2022-12-10,39,GHCND:USW00094728
2022-12-11,40,GHCND:USW00094728
2022-12-12,38,GHCND:USW00094728
2022-12-13,40,GHCND:USW00094728
2022-12-14,39,GHCND:USW00094728
2022-12-15,42,GHCND:USW00094728
2022-12-16,44,GHCND:USW00094728
2022-12-17,44,GHCND:USW00094728
2022-12-18,40,GHCND:USW00094728
2022-12-19,39,GHCND:USW00094728
2022-12-20,39,GHCND:USW00094728
2022-12-21,40,GHCND:USW00094728
2022-12-22,47,GHCND:USW00094728
2022-12-23,58,GHCND:USW00094728
2022-12-24,15,GHCND:USW00094728
2022-12-25,28,GHCND:USW00094728
2022-12-26,29,GHCND:USW00094728
2022-12-27,35,GHCND:USW00094728
2022-12-28,47,GHCND:USW00094728
2022-12-29,51,GHCND:USW00094728
2022-12-30,62,GHCND:USW00094728
2022-12-31,55,GHCND:USW00094728
2023-01-01,55,GHCND:USW00094728
2023-01-02,56,GHCND:USW00094728
2023-01-03,58,GHCND:USW00094728
2023-01-04,66,GHCND:USW00094728
2023-01-05,50,GHCND:USW00094728
2023-01-06,49,GHCND:USW00094728
2023-01-07,45,GHCND:USW00094728
2023-01-08,41,GHCND:USW00094728
2023-01-09,44,GHCND:USW00094728
2023-01-10,41,GHCND:USW00094728
2023-01-11,39,GHCND:USW00094728
2023-01-12,55,GHCND:USW00094728
2023-01-13,57,GHCND:USW00094728
2023-01-14,38,GHCND:USW00094728
2023-01-15,41,GHCND:USW00094728
2023-01-16,48,GHCND:USW00094728
2023-01-17,47,GHCND:USW00094728
2023-01-18,53,GHCND:USW00094728
2023-01-19,44,GHCND:USW00094728
2023-01-20,49,GHCND:USW00094728
2023-01-21,42,GHCND:USW00094728
2023-01-22,42,GHCND:USW00094728
2023-01-23,39,GHCND:USW00094728
2023-01-24,46,GHCND:USW00094728
2023-01-25,54,GHCND:USW00094728
2023-01-26,57,GHCND:USW00094728
2023-01-27,44,GHCND:USW00094728
2023-01-28,52,GHCND:USW00094728
2023-01-29,53,GHCND:USW00094728
2023-01-30,55,GHCND:USW00094728
2023-01-31,50,GHCND:USW00094728
2023-02-01,38,GHCND:USW00094728
2023-02-02,40,GHCND:USW00094728
2023-02-03,35,GHCND:USW00094728
2023-02-04,27,GHCND:USW00094728
2023-02-05,49,GHCND:USW00094728
2023-02-06,52,GHCND:USW00094728
2023-02-07,43,GHCND:USW00094728
2023-02-08,53,GHCND:USW00094728
2023-02-09,55,GHCND:USW00094728
2023-02-10,61,GHCND:USW00094728
2023-02-11,46,GHCND:USW00094728
2023-02-12,48,GHCND:USW00094728
2023-02-13,57,GHCND:USW00094728
2023-02-14,54,GHCND:USW00094728
2023-02-15,67,GHCND:USW00094728
2023-02-16,70,GHCND:USW00094728
2023-02-17,61,GHCND:USW00094728
2023-02-18,43,GHCND:USW00094728
2023-02-19,50,GHCND:USW00094728
2023-02-20,61,GHCND:USW00094728
2023-02-21,50,GHCND:USW00094728
2023-02-22,44,GHCND:USW00094728
2023-02-23,44,GHCND:USW00094728
2023-02-24,45,GHCND:USW00094728
2023-02-25,33,GHCND:USW00094728
2023-02-26,50,GHCND:USW00094728
2023-02-27,46,GHCND:USW00094728
2023-02-28,38,GHCND:USW00094728
2023-03-01,44,GHCND:USW00094728
2023-03-02,54,GHCND:USW00094728
2023-03-03,47,GHCND:USW00094728
2023-03-04,45,GHCND:USW00094728
2023-03-05,53,GHCND:USW00094728
2023-03-06,52,GHCND:USW00094728
2023-03-07,47,GHCND:USW00094728
2023-03-08,48,GHCND:USW00094728
2023-03-09,51,GHCND:USW00094728
2023-03-10,46,GHCND:USW00094728
2023-03-11,45,GHCND:USW00094728
2023-03-12,48,GHCND:USW00094728
2023-03-13,45,GHCND:USW00094728
2023-03-14,38,GHCND:USW00094728
2023-03-15,45,GHCND:USW00094728
2023-03-16,59,GHCND:USW00094728
2023-03-17,60,GHCND:USW00094728
2023-03-18,56,GHCND:USW00094728
2023-03-19,40,GHCND:USW00094728
2023-03-20,51,GHCND:USW00094728
2023-03-21,63,GHCND:USW00094728
2023-03-22,62,GHCND:USW00094728
2023-03-23,60,GHCND:USW00094728
2023-03-24,55,GHCND:USW00094728
2023-03-25,47,GHCND:USW00094728
2023-03-26,63,GHCND:USW00094728
2023-03-27,62,GHCND:USW00094728
2023-03-28,52,GHCND:USW00094728
2023-03-29,55,GHCND:USW00094728
2023-03-30,46,GHCND:USW00094728
2023-03-31,57,GHCND:USW00094728
2023-04-01,72,GHCND:USW00094728
2023-04-02,51,GHCND:USW00094728
2023-04-03,59,GHCND:USW00094728
2023-04-04,73,GHCND:USW00094728
2023-04-05,57,GHCND:USW00094728
2023-04-06,80,GHCND:USW00094728
2023-04-07,60,GHCND:USW00094728
2023-04-08,54,GHCND:USW00094728
2023-04-09,57,GHCND:USW00094728
2023-04-10,68,GHCND:USW00094728
2023-04-11,75,GHCND:USW00094728
2023-04-12,84,GHCND:USW00094728
2023-04-13,90,GHCND:USW00094728
2023-04-14,91,GHCND:USW00094728
2023-04-15,75,GHCND:USW00094728
2023-04-16,71,GHCND:USW00094728
2023-04-17,68,GHCND:USW00094728
2023-04-18,57,GHCND:USW00094728
2023-04-19,64,GHCND:USW00094728
2023-04-20,66,GHCND:USW00094728
2023-04-21,71,GHCND:USW00094728
2023-04-22,67,GHCND:USW00094728
2023-04-23,69,GHCND:USW00094728
2023-04-24,62,GHCND:USW00094728
2023-04-25,60,GHCND:USW00094728
2023-04-26,60,GHCND:USW00094728
2023-04-27,57,GHCND:USW00094728
2023-04-28,56,GHCND:USW00094728
2023-04-29,53,GHCND:USW00094728
2023-04-30,60,GHCND:USW00094728
2023-05-01,61,GHCND:USW00094728
2023-05-02,56,GHCND:USW00094728
2023-05-03,57,GHCND:USW00094728
2023-05-04,55,GHCND:USW00094728
2023-05-05,66,GHCND:USW00094728
2023-05-06,73,GHCND:USW00094728
2023-05-07,78,GHCND:USW00094728
2023-05-08,77,GHCND:USW00094728
2023-05-09,71,GHCND:USW00094728
2023-05-10,73,GHCND:USW00094728
2023-05-11,80,GHCND:USW00094728
2023-05-12,87,GHCND:USW00094728
2023-05-13,82,GHCND:USW00094728
2023-05-14,74,GHCND:USW00094728
2023-05-15,74,GHCND:USW00094728
2023-05-16,79,GHCND:USW00094728
2023-05-17,69,GHCND:USW00094728
2023-05-18,61,GHCND:USW00094728
2023-05-19,70,GHCND:USW00094728
2023-05-20,65,GHCND:USW00094728
2023-05-21,70,GHCND:USW00094728
2023-05-22,75,GHCND:USW00094728
2023-05-23,70,GHCND:USW00094728
2023-05-24,77,GHCND:USW00094728
2023-05-25,68,GHCND:USW00094728
2023-05-26,72,GHCND:USW00094728
2023-05-27,78,GHCND:USW00094728
2023-05-28,79,GHCND:USW00094728
2023-05-29,79,GHCND:USW00094728
2023-05-30,72,GHCND:USW00094728
2023-05-31,77,GHCND:USW00094728
2023-06-01,87,GHCND:USW00094728
2023-06-02,91,GHCND:USW00094728
2023-06-03,69,GHCND:USW00094728
2023-06-04,69,GHCND:USW00094728
2023-06-05,76,GHCND:USW00094728
2023-06-06,79,GHCND:USW00094728
2023-06-07,69,GHCND:USW00094728
2023-06-08,72,GHCND:USW00094728
2023-06-09,72,GHCND:USW00094728
2023-06-10,78,GHCND:USW00094728
2023-06-11,82,GHCND:USW00094728
2023-06-12,78,GHCND:USW00094728
2023-06-13,78,GHCND:USW00094728
2023-06-14,76,GHCND:USW00094728
2023-06-15,77,GHCND:USW00094728
2023-06-16,79,GHCND:USW00094728
2023-06-17,77,GHCND:USW00094728
2023-06-18,80,GHCND:USW00094728
2023-06-19,81,GHCND:USW00094728
2023-06-20,78,GHCND:USW00094728
2023-06-21,73,GHCND:USW00094728
2023-06-22,72,GHCND:USW00094728
2023-06-23,71,GHCND:USW00094728
2023-06-24,78,GHCND:USW00094728
2023-06-25,85,GHCND:USW00094728
2023-06-26,78,GHCND:USW00094728
2023-06-27,79,GHCND:USW00094728
2023-06-28,82,GHCND:USW00094728
2023-06-29,82,GHCND:USW00094728
2023-06-30,84,GHCND:USW00094728
2023-07-01,82,GHCND:USW00094728
2023-07-02,88,GHCND:USW00094728
2023-07-03,89,GHCND:USW00094728
2023-07-04,83,GHCND:USW00094728
2023-07-05,93,GHCND:USW00094728
2023-07-06,90,GHCND:USW00094728
2023-07-07,87,GHCND:USW00094728
2023-07-08,88,GHCND:USW00094728
2023-07-09,82,GHCND:USW00094728
2023-07-10,84,GHCND:USW00094728
2023-07-11,89,GHCND:USW00094728
2023-07-12,91,GHCND:USW00094728
2023-07-13,88,GHCND:USW00094728
2023-07-14,84,GHCND:USW00094728
2023-07-15,88,GHCND:USW00094728
2023-07-16,78,GHCND:USW00094728
2023-07-17,88,GHCND:USW00094728
2023-07-18,84,GHCND:USW00094728
2023-07-19,80,GHCND:USW00094728
2023-07-20,88,GHCND:USW00094728
2023-07-21,84,GHCND:USW00094728
2023-07-22,85,GHCND:USW00094728
2023-07-23,88,GHCND:USW00094728
2023-07-24,85,GHCND:USW00094728
2023-07-25,86,GHCND:USW00094728
2023-07-26,87,GHCND:USW00094728
2023-07-27,92,GHCND:USW00094728
2023-07-28,92,GHCND:USW00094728
2023-07-29,89,GHCND:USW00094728
2023-07-30,80,GHCND:USW00094728
2023-07-31,85,GHCND:USW00094728
2023-08-01,82,GHCND:USW00094728
2023-08-02,81,GHCND:USW00094728
2023-08-03,80,GHCND:USW00094728
2023-08-04,77,GHCND:USW00094728
2023-08-05,87,GHCND:USW00094728
2023-08-06,87,GHCND:USW00094728
2023-08-07,81,GHCND:USW00094728
2023-08-08,80,GHCND:USW00094728
2023-08-09,86,GHCND:USW00094728
2023-08-10,81,GHCND:USW00094728
2023-08-11,85,GHCND:USW00094728
2023-08-12,85,GHCND:USW00094728
2023-08-13,88,GHCND:USW00094728
2023-08-14,87,GHCND:USW00094728
2023-08-15,80,GHCND:USW00094728
2023-08-16,82,GHCND:USW00094728
2023-08-17,79,GHCND:USW00094728
2023-08-18,80,GHCND:USW00094728
2023-08-19,78,GHCND:USW00094728
2023-08-20,85,GHCND:USW00094728
2023-08-21,88,GHCND:USW00094728
2023-08-22,79,GHCND:USW00094728
2023-08-23,80,GHCND:USW00094728
2023-08-24,73,GHCND:USW00094728
2023-08-25,78,GHCND:USW00094728
2023-08-26,84,GHCND:USW00094728
2023-08-27,84,GHCND:USW00094728
2023-08-28,76,GHCND:USW00094728
2023-08-29,80,GHCND:USW00094728
2023-08-30,83,GHCND:USW00094728
2023-08-31,77,GHCND:USW00094728
2023-09-01,76,GHCND:USW00094728
2023-09-02,79,GHCND:USW00094728
2023-09-03,88,GHCND:USW00094728
2023-09-04,89,GHCND:USW00094728
2023-09-05,92,GHCND:USW00094728
2023-09-06,93,GHCND:USW00094728
2023-09-07,93,GHCND:USW00094728
2023-09-08,90,GHCND:USW00094728
2023-09-09,84,GHCND:USW00094728
2023-09-10,77,GHCND:USW00094728
2023-09-11,82,GHCND:USW00094728
2023-09-12,82,GHCND:USW00094728
2023-09-13,79,GHCND:USW00094728
2023-09-14,77,GHCND:USW00094728
2023-09-15,69,GHCND:USW00094728
2023-09-16,75,GHCND:USW00094728
2023-09-17,77,GHCND:USW00094728
2023-09-18,68,GHCND:USW00094728
2023-09-19,72,GHCND:USW00094728
2023-09-20,74,GHCND:USW00094728
2023-09-21,71,GHCND:USW00094728
2023-09-22,71,GHCND:USW00094728
2023-09-23,63,GHCND:USW00094728
2023-09-24,66,GHCND:USW00094728
2023-09-25,66,GHCND:USW00094728
2023-09-26,60,GHCND:USW00094728
2023-09-27,64,GHCND:USW00094728
2023-09-28,65,GHCND:USW00094728
2023-09-29,63,GHCND:USW00094728
2023-09-30,66,GHCND:USW00094728
2023-10-01,76,GHCND:USW00094728
2023-10-02,77,GHCND:USW00094728
2023-10-03,80,GHCND:USW00094728
2023-10-04,83,GHCND:USW00094728
2023-10-05,77,GHCND:USW00094728
2023-10-06,71,GHCND:USW00094728
2023-10-07,69,GHCND:USW00094728
2023-10-08,59,GHCND:USW00094728
2023-10-09,60,GHCND:USW00094728
2023-10-10,63,GHCND:USW00094728
2023-10-11,69,GHCND:USW00094728
2023-10-12,69,GHCND:USW00094728
2023-10-13,63,GHCND:USW00094728
2023-10-14,56,GHCND:USW00094728
2023-10-15,60,GHCND:USW00094728
2023-10-16,63,GHCND:USW00094728
2023-10-17,61,GHCND:USW00094728
2023-10-18,63,GHCND:USW00094728
2023-10-19,64,GHCND:USW00094728
2023-10-20,63,GHCND:USW00094728
2023-10-21,63,GHCND:USW00094728
2023-10-22,57,GHCND:USW00094728
2023-10-23,60,GHCND:USW00094728
2023-10-24,65,GHCND:USW00094728
2023-10-25,72,GHCND:USW00094728
2023-10-26,77,GHCND:USW00094728
2023-10-27,74,GHCND:USW00094728
2023-10-28,80,GHCND:USW00094728
2023-10-29,63,GHCND:USW00094728
2023-10-30,60,GHCND:USW00094728
2023-10-31,51,GHCND:USW00094728
2023-11-01,49,GHCND:USW00094728
2023-11-02,48,GHCND:USW00094728
2023-11-03,55,GHCND:USW00094728
2023-11-04,61,GHCND:USW00094728
2023-11-05,65,GHCND:USW00094728
2023-11-06,56,GHCND:USW00094728
2023-11-07,64,GHCND:USW00094728
2023-11-08,54,GHCND:USW00094728
2023-11-09,57,GHCND:USW00094728
2023-11-10,53,GHCND:USW00094728
2023-11-11,55,GHCND:USW00094728
2023-11-12,44,GHCND:USW00094728
2023-11-13,49,GHCND:USW00094728
2023-11-14,53,GHCND:USW00094728
2023-11-15,53,GHCND:USW00094728
2023-11-16,65,GHCND:USW00094728
2023-11-17,67,GHCND:USW00094728
2023-11-18,63,GHCND:USW00094728
2023-11-19,55,GHCND:USW00094728
2023-11-20,46,GHCND:USW00094728
2023-11-21,48,GHCND:USW00094728
2023-11-22,54,GHCND:USW00094728
2023-11-23,52,GHCND:USW00094728
2023-11-24,51,GHCND:USW00094728
2023-11-25,40,GHCND:USW00094728
2023-11-26,56,GHCND:USW00094728
2023-11-27,56,GHCND:USW00094728
2023-11-28,41,GHCND:USW00094728
2023-11-29,38,GHCND:USW00094728
2023-11-30,51,GHCND:USW00094728
2023-12-01,51,GHCND:USW00094728
2023-12-02,60,GHCND:USW00094728
2023-12-03,53,GHCND:USW00094728
2023-12-04,54,GHCND:USW00094728
2023-12-05,43,GHCND:USW00094728
2023-12-06,43,GHCND:USW00094728
2023-12-07,39,GHCND:USW00094728
2023-12-08,51,GHCND:USW00094728
2023-12-09,59,GHCND:USW00094728
2023-12-10,61,GHCND:USW00094728
2023-12-11,50,GHCND:USW00094728
2023-12-12,44,GHCND:USW00094728
2023-12-13,47,GHCND:USW00094728
2023-12-14,41,GHCND:USW00094728
2023-12-15,58,GHCND:USW00094728
2023-12-16,54,GHCND:USW00094728
2023-12-17,59,GHCND:USW00094728
2023-12-18,62,GHCND:USW00094728
2023-12-19,44,GHCND:USW00094728
2023-12-20,46,GHCND:USW00094728
2023-12-21,42,GHCND:USW00094728
2023-12-22,37,GHCND:USW00094728
2023-12-23,44,GHCND:USW00094728
2023-12-24,49,GHCND:USW00094728
2023-12-25,49,GHCND:USW00094728
2023-12-26,51,GHCND:USW00094728
2023-12-27,50,GHCND:USW00094728
2023-12-28,55,GHCND:USW00094728
2023-12-29,55,GHCND:USW00094728
2023-12-30,46,GHCND:USW00094728
2023-12-31,43,GHCND:USW00094728
2024-01-01,47,GHCND:USW00094728
2024-01-02,42,GHCND:USW00094728
2024-01-03,43,GHCND:USW00094728
2024-01-04,45,GHCND:USW00094728
2024-01-05,37,GHCND:USW00094728
2024-01-06,38,GHCND:USW00094728
2024-01-07,38,GHCND:USW00094728
2024-01-08,45,GHCND:USW00094728
2024-01-09,57,GHCND:USW00094728
2024-01-10,57,GHCND:USW00094728
2024-01-11,47,GHCND:USW00094728
2024-01-12,50,GHCND:USW00094728
2024-01-13,60,GHCND:USW00094728
2024-01-14,44,GHCND:USW00094728
2024-01-15,29,GHCND:USW00094728
2024-01-16,32,GHCND:USW00094728
2024-01-17,24,GHCND:USW00094728
2024-01-18,34,GHCND:USW00094728
2024-01-19,32,GHCND:USW00094728
2024-01-20,26,GHCND:USW00094728
2024-01-21,31,GHCND:USW00094728
2024-01-22,38,GHCND:USW00094728
2024-01-23,40,GHCND:USW00094728
2024-01-24,48,GHCND:USW00094728
2024-01-25,59,GHCND:USW00094728
2024-01-26,46,GHCND:USW00094728
2024-01-27,49,GHCND:USW00094728
2024-01-28,44,GHCND:USW00094728
2024-01-29,40,GHCND:USW00094728
2024-01-30,38,GHCND:USW00094728
2024-01-31,40,GHCND:USW00094728
2024-02-01,46,GHCND:USW00094728
2024-02-02,46,GHCND:USW00094728
2024-02-03,43,GHCND:USW00094728
2024-02-04,46,GHCND:USW00094728
2024-02-05,45,GHCND:USW00094728
2024-02-06,42,GHCND:USW00094728
2024-02-07,48,GHCND:USW00094728
2024-02-08,53,GHCND:USW00094728
2024-02-09,55,GHCND:USW00094728
2024-02-10,60,GHCND:USW00094728
2024-02-11,56,GHCND:USW00094728
2024-02-12,48,GHCND:USW00094728
2024-02-13,41,GHCND:USW00094728
2024-02-14,38,GHCND:USW00094728
2024-02-15,39,GHCND:USW00094728
2024-02-16,43,GHCND:USW00094728
2024-02-17,36,GHCND:USW00094728
2024-02-18,40,GHCND:USW00094728
2024-02-19,41,GHCND:USW00094728
2024-02-20,40,GHCND:USW00094728
2024-02-21,43,GHCND:USW00094728
2024-02-22,45,GHCND:USW00094728
2024-02-23,47,GHCND:USW00094728
2024-02-24,44,GHCND:USW00094728
2024-02-25,41,GHCND:USW00094728
2024-02-26,55,GHCND:USW00094728
2024-02-27,55,GHCND:USW00094728
2024-02-28,62,GHCND:USW00094728
2024-02-29,43,GHCND:USW00094728
2024-03-01,48,GHCND:USW00094728
2024-03-02,55,GHCND:USW00094728
2024-03-03,68,GHCND:USW00094728
2024-03-04,59,GHCND:USW00094728
2024-03-05,49,GHCND:USW00094728
2024-03-06,53,GHCND:USW00094728
2024-03-07,54,GHCND:USW00094728
2024-03-08,57,GHCND:USW00094728
2024-03-09,49,GHCND:USW00094728
2024-03-10,51,GHCND:USW00094728
2024-03-11,52,GHCND:USW00094728
2024-03-12,66,GHCND:USW00094728
2024-03-13,62,GHCND:USW00094728
2024-03-14,74,GHCND:USW00094728
2024-03-15,73,GHCND:USW00094728
2024-03-16,61,GHCND:USW00094728
2024-03-17,63,GHCND:USW00094728
2024-03-18,51,GHCND:USW00094728
2024-03-19,48,GHCND:USW00094728
2024-03-20,57,GHCND:USW00094728
2024-03-21,43,GHCND:USW00094728
2024-03-22,46,GHCND:USW00094728
2024-03-23,50,GHCND:USW00094728
2024-03-24,48,GHCND:USW00094728
2024-03-25,53,GHCND:USW00094728
2024-03-26,53,GHCND:USW00094728
2024-03-27,52,GHCND:USW00094728
2024-03-28,51,GHCND:USW00094728
2024-03-29,56,GHCND:USW00094728
2024-03-30,62,GHCND:USW00094728
2024-03-31,62,GHCND:USW00094728
2024-04-01,54,GHCND:USW00094728
2024-04-02,51,GHCND:USW00094728
2024-04-03,45,GHCND:USW00094728
2024-04-04,53,GHCND:USW00094728
2024-04-05,50,GHCND:USW00094728
2024-04-06,54,GHCND:USW00094728
2024-04-07,60,GHCND:USW00094728
2024-04-08,69,GHCND:USW00094728
2024-04-09,80,GHCND:USW00094728
2024-04-10,67,GHCND:USW00094728
2024-04-11,61,GHCND:USW00094728
2024-04-12,63,GHCND:USW00094728
2024-04-13,56,GHCND:USW00094728
2024-04-14,75,GHCND:USW00094728
2024-04-15,82,GHCND:USW00094728
2024-04-16,73,GHCND:USW00094728
2024-04-17,62,GHCND:USW00094728
2024-04-18,50,GHCND:USW00094728
2024-04-19,60,GHCND:USW00094728
2024-04-20,71,GHCND:USW00094728
2024-04-21,54,GHCND:USW00094728
2024-04-22,64,GHCND:USW00094728
2024-04-23,65,GHCND:USW00094728
2024-04-24,74,GHCND:USW00094728
2024-04-25,60,GHCND:USW00094728
2024-04-26,65,GHCND:USW00094728
2024-04-27,64,GHCND:USW00094728
2024-04-28,79,GHCND:USW00094728
2024-04-29,87,GHCND:USW00094728
2024-04-30,66,GHCND:USW00094728
2024-05-01,80,GHCND:USW00094728
2024-05-02,79,GHCND:USW00094728
2024-05-03,65,GHCND:USW00094728
2024-05-04,63,GHCND:USW00094728
2024-05-05,54,GHCND:USW00094728
2024-05-06,74,GHCND:USW00094728
2024-05-07,80,GHCND:USW00094728
2024-05-08,84,GHCND:USW00094728
2024-05-09,70,GHCND:USW00094728
2024-05-10,56,GHCND:USW00094728
2024-05-11,64,GHCND:USW00094728
2024-05-12,57,GHCND:USW00094728
2024-05-13,65,GHCND:USW00094728
2024-05-14,72,GHCND:USW00094728
2024-05-15,64,GHCND:USW00094728
2024-05-16,64,GHCND:USW00094728
2024-05-17,72,GHCND:USW00094728
2024-05-18,69,GHCND:USW00094728
2024-05-19,75,GHCND:USW00094728
2024-05-20,74,GHCND:USW00094728
2024-05-21,83,GHCND:USW00094728
2024-05-22,84,GHCND:USW00094728
2024-05-23,79,GHCND:USW00094728
2024-05-24,84,GHCND:USW00094728
2024-05-25,81,GHCND:USW00094728
2024-05-26,82,GHCND:USW00094728
2024-05-27,73,GHCND:USW00094728
2024-05-28,79,GHCND:USW00094728
2024-05-29,76,GHCND:USW00094728
2024-05-30,71,GHCND:USW00094728
2024-05-31,75,GHCND:USW00094728
2024-06-01,83,GHCND:USW00094728
2024-06-02,81,GHCND:USW00094728
2024-06-03,86,GHCND:USW00094728
2024-06-04,79,GHCND:USW00094728
2024-06-05,79,GHCND:USW00094728
2024-06-06,81,GHCND:USW00094728
2024-06-07,82,GHCND:USW00094728
2024-06-08,76,GHCND:USW00094728
2024-06-09,74,GHCND:USW00094728
2024-06-10,75,GHCND:USW00094728
2024-06-11,73,GHCND:USW00094728
2024-06-12,76,GHCND:USW00094728
2024-06-13,84,GHCND:USW00094728
2024-06-14,85,GHCND:USW00094728
2024-06-15,80,GHCND:USW00094728
2024-06-16,78,GHCND:USW00094728
2024-06-17,83,GHCND:USW00094728
2024-06-18,86,GHCND:USW00094728
2024-06-19,89,GHCND:USW00094728
2024-06-20,91,GHCND:USW00094728
2024-06-21,94,GHCND:USW00094728
2024-06-22,93,GHCND:USW00094728
2024-06-23,92,GHCND:USW00094728
2024-06-24,80,GHCND:USW00094728
2024-06-25,90,GHCND:USW00094728
2024-06-26,93,GHCND:USW00094728
2024-06-27,84,GHCND:USW00094728
2024-06-28,79,GHCND:USW00094728
2024-06-29,79,GHCND:USW00094728
2024-06-30,85,GHCND:USW00094728
2024-07-01,81,GHCND:USW00094728
2024-07-02,86,GHCND:USW00094728
2024-07-03,83,GHCND:USW00094728
2024-07-04,89,GHCND:USW00094728
2024-07-05,90,GHCND:USW00094728
2024-07-06,92,GHCND:USW00094728
2024-07-07,93,GHCND:USW00094728
2024-07-08,95,GHCND:USW00094728
2024-07-09,89,GHCND:USW00094728
2024-07-10,91,GHCND:USW00094728
2024-07-11,89,GHCND:USW00094728
2024-07-12,84,GHCND:USW00094728
2024-07-13,87,GHCND:USW00094728
2024-07-14,90,GHCND:USW00094728
2024-07-15,91,GHCND:USW00094728
2024-07-16,94,GHCND:USW00094728
2024-07-17,90,GHCND:USW00094728
2024-07-18,86,GHCND:USW00094728
2024-07-19,83,GHCND:USW00094728
2024-07-20,83,GHCND:USW00094728
2024-07-21,88,GHCND:USW00094728
2024-07-22,84,GHCND:USW00094728
2024-07-23,81,GHCND:USW00094728
2024-07-24,81,GHCND:USW00094728
2024-07-25,83,GHCND:USW00094728
2024-07-26,84,GHCND:USW00094728
2024-07-27,87,GHCND:USW00094728
2024-07-28,89,GHCND:USW00094728
2024-07-29,84,GHCND:USW00094728
2024-07-30,88,GHCND:USW00094728
2024-07-31,89,GHCND:USW00094728
2024-08-01,95,GHCND:USW00094728
2024-08-02,92,GHCND:USW00094728
2024-08-03,93,GHCND:USW00094728
2024-08-04,83,GHCND:USW00094728
2024-08-05,90,GHCND:USW00094728
2024-08-06,90,GHCND:USW00094728
2024-08-07,72,GHCND:USW00094728
2024-08-08,70,GHCND:USW00094728
2024-08-09,80,GHCND:USW00094728
2024-08-10,85,GHCND:USW00094728
2024-08-11,80,GHCND:USW00094728
2024-08-12,81,GHCND:USW00094728
2024-08-13,81,GHCND:USW00094728
2024-08-14,85,GHCND:USW00094728
2024-08-15,86,GHCND:USW00094728
2024-08-16,87,GHCND:USW00094728
2024-08-17,79,GHCND:USW00094728
2024-08-18,81,GHCND:USW00094728
2024-08-19,84,GHCND:USW00094728
2024-08-20,72,GHCND:USW00094728
2024-08-21,73,GHCND:USW00094728
2024-08-22,76,GHCND:USW00094728
2024-08-23,80,GHCND:USW00094728
2024-08-24,83,GHCND:USW00094728
2024-08-25,85,GHCND:USW00094728
2024-08-26,85,GHCND:USW00094728
2024-08-27,86,GHCND:USW00094728
2024-08-28,91,GHCND:USW00094728
2024-08-29,82,GHCND:USW00094728
2024-08-30,74,GHCND:USW00094728
2024-08-31,77,GHCND:USW00094728
2024-09-01,81,GHCND:USW00094728
2024-09-02,79,GHCND:USW00094728
2024-09-03,74,GHCND:USW00094728
2024-09-04,77,GHCND:USW00094728
2024-09-05,77,GHCND:USW00094728
2024-09-06,78,GHCND:USW00094728
2024-09-07,76,GHCND:USW00094728
2024-09-08,69,GHCND:USW00094728
2024-09-09,75,GHCND:USW00094728
2024-09-10,78,GHCND:USW00094728
2024-09-11,79,GHCND:USW00094728
2024-09-12,80,GHCND:USW00094728
2024-09-13,82,GHCND:USW00094728
2024-09-14,83,GHCND:USW00094728
2024-09-15,80,GHCND:USW00094728
2024-09-16,77,GHCND:USW00094728
2024-09-17,79,GHCND:USW00094728
2024-09-18,75,GHCND:USW00094728
2024-09-19,84,GHCND:USW00094728
2024-09-20,81,GHCND:USW00094728
2024-09-21,79,GHCND:USW00094728
2024-09-22,74,GHCND:USW00094728
2024-09-23,67,GHCND:USW00094728
2024-09-24,68,GHCND:USW00094728
2024-09-25,68,GHCND:USW00094728
2024-09-26,74,GHCND:USW00094728
2024-09-27,74,GHCND:USW00094728
2024-09-28,68,GHCND:USW00094728
2024-09-29,63,GHCND:USW00094728
2024-09-30,72,GHCND:USW00094728
2024-10-01,69,GHCND:USW00094728
2024-10-02,68,GHCND:USW00094728
2024-10-03,72,GHCND:USW00094728
2024-10-04,73,GHCND:USW00094728
2024-10-05,75,GHCND:USW00094728
2024-10-06,71,GHCND:USW00094728
2024-10-07,75,GHCND:USW00094728
2024-10-08,68,GHCND:USW00094728
2024-10-09,68,GHCND:USW00094728
2024-10-10,62,GHCND:USW00094728
2024-10-11,68,GHCND:USW00094728
2024-10-12,74,GHCND:USW00094728
2024-10-13,69,GHCND:USW00094728
2024-10-14,66,GHCND:USW00094728
2024-10-15,57,GHCND:USW00094728
2024-10-16,59,GHCND:USW00094728
2024-10-17,58,GHCND:USW00094728
2024-10-18,66,GHCND:USW00094728
2024-10-19,71,GHCND:USW00094728
2024-10-20,73,GHCND:USW00094728
2024-10-21,79,GHCND:USW00094728
2024-10-22,81,GHCND:USW00094728
2024-10-23,75,GHCND:USW00094728
2024-10-24,69,GHCND:USW00094728
2024-10-25,62,GHCND:USW00094728
2024-10-26,64,GHCND:USW00094728
2024-10-27,57,GHCND:USW00094728
2024-10-28,61,GHCND:USW00094728
2024-10-29,63,GHCND:USW00094728
2024-10-30,76,GHCND:USW00094728
2024-10-31,81,GHCND:USW00094728
2024-11-01,79,GHCND:USW00094728
2024-11-02,60,GHCND:USW00094728
2024-11-03,54,GHCND:USW00094728
2024-11-04,58,GHCND:USW00094728
2024-11-05,73,GHCND:USW00094728
2024-11-06,80,GHCND:USW00094728
2024-11-07,73,GHCND:USW00094728
2024-11-08,69,GHCND:USW00094728
2024-11-09,54,GHCND:USW00094728
2024-11-10,58,GHCND:USW00094728
2024-11-11,68,GHCND:USW00094728
2024-11-12,59,GHCND:USW00094728
2024-11-13,50,GHCND:USW00094728
2024-11-14,47,GHCND:USW00094728
2024-11-15,58,GHCND:USW00094728
2024-11-16,62,GHCND:USW00094728
2024-11-17,63,GHCND:USW00094728
2024-11-18,66,GHCND:USW00094728
2024-11-19,60,GHCND:USW00094728
2024-11-20,60,GHCND:USW00094728
2024-11-21,54,GHCND:USW00094728
2024-11-22,40,GHCND:USW00094728
2024-11-23,49,GHCND:USW00094728
2024-11-24,53,GHCND:USW00094728
2024-11-25,54,GHCND:USW00094728
2024-11-26,58,GHCND:USW00094728
2024-11-27,52,GHCND:USW00094728
2024-11-28,49,GHCND:USW00094728
2024-11-29,47,GHCND:USW00094728
2024-11-30,39,GHCND:USW00094728
2024-12-01,38,GHCND:USW00094728
2024-12-02,39,GHCND:USW00094728
2024-12-03,42,GHCND:USW00094728
2024-12-04,42,GHCND:USW00094728
2024-12-05,40,GHCND:USW00094728
2024-12-06,34,GHCND:USW00094728
2024-12-07,41,GHCND:USW00094728
2024-12-08,55,GHCND:USW00094728
2024-12-09,51,GHCND:USW00094728
2024-12-10,50,GHCND:USW00094728
2024-12-11,60,GHCND:USW00094728
2024-12-12,41,GHCND:USW00094728
2024-12-13,33,GHCND:USW00094728
2024-12-14,34,GHCND:USW00094728
2024-12-15,41,GHCND:USW00094728
2024-12-16,52,GHCND:USW00094728
2024-12-17,59,GHCND:USW00094728
2024-12-18,53,GHCND:USW00094728
2024-12-19,45,GHCND:USW00094728
2024-12-20,37,GHCND:USW00094728
2024-12-21,33,GHCND:USW00094728
2024-12-22,21,GHCND:USW00094728
2024-12-23,31,GHCND:USW00094728
2024-12-24,39,GHCND:USW00094728
2024-12-25,35,GHCND:USW00094728
2024-12-26,36,GHCND:USW00094728
2024-12-27,44,GHCND:USW00094728
2024-12-28,54,GHCND:USW00094728
2024-12-29,60,GHCND:USW00094728
2024-12-30,58,GHCND:USW00094728
2024-12-31,53,GHCND:USW00094728
2025-01-01,51,GHCND:USW00094728
2025-01-02,43,GHCND:USW00094728
2025-01-03,39,GHCND:USW00094728
2025-01-04,33,GHCND:USW00094728
2025-01-05,33,GHCND:USW00094728
2025-01-06,30,GHCND:USW00094728
2025-01-07,33,GHCND:USW00094728
2025-01-08,30,GHCND:USW00094728
2025-01-09,33,GHCND:USW00094728
2025-01-10,39,GHCND:USW00094728
2025-01-11,36,GHCND:USW00094728
2025-01-12,42,GHCND:USW00094728
2025-01-13,42,GHCND:USW00094728
2025-01-14,35,GHCND:USW00094728
2025-01-15,32,GHCND:USW00094728
2025-01-16,30,GHCND:USW00094728
2025-01-17,42,GHCND:USW00094728
2025-01-18,46,GHCND:USW00094728
2025-01-19,41,GHCND:USW00094728
2025-01-20,26,GHCND:USW00094728
2025-01-21,19,GHCND:USW00094728
2025-01-22,20,GHCND:USW00094728
2025-01-23,28,GHCND:USW00094728
2025-01-24,33,GHCND:USW00094728
2025-01-25,33,GHCND:USW00094728
2025-01-26,43,GHCND:USW00094728
2025-01-27,40,GHCND:USW00094728
2025-01-28,42,GHCND:USW00094728
2025-01-29,52,GHCND:USW00094728
2025-01-30,38,GHCND:USW00094728
2025-01-31,48,GHCND:USW00094728
2025-02-01,48,GHCND:USW00094728
2025-02-02,31,GHCND:USW00094728
2025-02-03,49,GHCND:USW00094728
2025-02-04,47,GHCND:USW00094728
2025-02-05,36,GHCND:USW00094728
2025-02-06,38,GHCND:USW00094728
2025-02-07,43,GHCND:USW00094728
2025-02-08,35,GHCND:USW00094728
2025-02-09,36,GHCND:USW00094728
2025-02-10,37,GHCND:USW00094728
2025-02-11,35,GHCND:USW00094728
2025-02-12,36,GHCND:USW00094728
2025-02-13,46,GHCND:USW00094728
2025-02-14,36,GHCND:USW00094728
2025-02-15,35,GHCND:USW00094728
2025-02-16,47,GHCND:USW00094728
2025-02-17,36,GHCND:USW00094728
2025-02-18,27,GHCND:USW00094728
2025-02-19,30,GHCND:USW00094728
2025-02-20,29,GHCND:USW00094728
2025-02-21,35,GHCND:USW00094728
2025-02-22,40,GHCND:USW00094728
2025-02-23,46,GHCND:USW00094728
2025-02-24,49,GHCND:USW00094728
2025-02-25,57,GHCND:USW00094728
2025-02-26,56,GHCND:USW00094728
2025-02-27,54,GHCND:USW00094728
2025-02-28,51,GHCND:USW00094728
2025-03-01,64,GHCND:USW00094728
2025-03-02,33,GHCND:USW00094728
2025-03-03,39,GHCND:USW00094728
2025-03-04,52,GHCND:USW00094728
2025-03-05,54,GHCND:USW00094728
2025-03-06,55,GHCND:USW00094728
2025-03-07,50,GHCND:USW00094728
2025-03-08,45,GHCND:USW00094728
2025-03-09,53,GHCND:USW00094728
2025-03-10,66,GHCND:USW00094728
2025-03-11,65,GHCND:USW00094728
2025-03-12,55,GHCND:USW00094728
2025-03-13,50,GHCND:USW00094728
2025-03-14,57,GHCND:USW00094728
2025-03-15,49,GHCND:USW00094728
2025-03-16,61,GHCND:USW00094728
2025-03-17,59,GHCND:USW00094728
2025-03-18,61,GHCND:USW00094728
2025-03-19,63,GHCND:USW00094728
2025-03-20,52,GHCND:USW00094728
2025-03-21,51,GHCND:USW00094728
2025-03-22,64,GHCND:USW00094728
2025-03-23,48,GHCND:USW00094728
2025-03-24,50,GHCND:USW00094728
2025-03-25,58,GHCND:USW00094728
2025-03-26,53,GHCND:USW00094728
2025-03-27,53,GHCND:USW00094728
2025-03-28,63,GHCND:USW00094728
2025-03-29,81,GHCND:USW00094728
2025-03-30,48,GHCND:USW00094728
2025-03-31,73,GHCND:USW00094728
2025-04-01,58,GHCND:USW00094728
2025-04-02,49,GHCND:USW00094728
2025-04-03,73,GHCND:USW00094728
2025-04-04,73,GHCND:USW00094728
2025-04-05,59,GHCND:USW00094728
2025-04-06,56,GHCND:USW00094728
2025-04-07,50,GHCND:USW00094728
2025-04-08,45,GHCND:USW00094728
2025-04-09,49,GHCND:USW00094728
2025-04-10,51,GHCND:USW00094728
2025-04-11,46,GHCND:USW00094728
2025-04-12,40,GHCND:USW00094728
2025-04-13,58,GHCND:USW00094728
2025-04-14,66,GHCND:USW00094728
2025-04-15,69,GHCND:USW00094728
2025-04-16,50,GHCND:USW00094728
2025-04-17,64,GHCND:USW00094728
2025-04-18,68,GHCND:USW00094728
2025-04-19,85,GHCND:USW00094728
2025-04-20,73,GHCND:USW00094728
2025-04-21,57,GHCND:USW00094728
2025-04-22,82,GHCND:USW00094728
2025-04-23,76,GHCND:USW00094728
2025-04-24,77,GHCND:USW00094728
2025-04-25,77,GHCND:USW00094728
2025-04-26,74,GHCND:USW00094728
2025-04-27,59,GHCND:USW00094728
2025-04-28,76,GHCND:USW00094728
2025-04-29,79,GHCND:USW00094728
2025-04-30,73,GHCND:USW00094728
2025-05-01,71,GHCND:USW00094728
2025-05-02,84,GHCND:USW00094728
2025-05-03,85,GHCND:USW00094728
2025-05-04,69,GHCND:USW00094728
2025-05-05,61,GHCND:USW00094728
2025-05-06,64,GHCND:USW00094728
2025-05-07,74,GHCND:USW00094728
2025-05-08,78,GHCND:USW00094728
2025-05-09,60,GHCND:USW00094728
2025-05-10,72,GHCND:USW00094728
2025-05-11,77,GHCND:USW00094728
2025-05-12,72,GHCND:USW00094728
2025-05-13,69,GHCND:USW00094728
2025-05-14,62,GHCND:USW00094728
2025-05-15,69,GHCND:USW00094728
2025-05-16,72,GHCND:USW00094728
2025-05-17,82,GHCND:USW00094728
2025-05-18,73,GHCND:USW00094728
2025-05-19,69,GHCND:USW00094728
2025-05-20,67,GHCND:USW00094728
2025-05-21,59,GHCND:USW00094728
2025-05-22,51,GHCND:USW00094728
2025-05-23,63,GHCND:USW00094728
2025-05-24,64,GHCND:USW00094728
2025-05-25,66,GHCND:USW00094728
2025-05-26,73,GHCND:USW00094728
2025-05-27,74,GHCND:USW00094728
2025-05-28,65,GHCND:USW00094728
2025-05-29,67,GHCND:USW00094728
2025-05-30,75,GHCND:USW00094728
2025-05-31,67,GHCND:USW00094728
2025-06-01,66,GHCND:USW00094728
2025-06-02,71,GHCND:USW00094728
2025-06-03,79,GHCND:USW00094728
2025-06-04,83,GHCND:USW00094728
2025-06-05,87,GHCND:USW00094728
2025-06-06,84,GHCND:USW00094728
2025-06-07,76,GHCND:USW00094728
2025-06-08,76,GHCND:USW00094728
2025-06-09,64,GHCND:USW00094728
2025-06-10,73,GHCND:USW00094728
2025-06-11,81,GHCND:USW00094728
2025-06-12,87,GHCND:USW00094728
2025-06-13,78,GHCND:USW00094728
2025-06-14,68,GHCND:USW00094728
2025-06-15,64,GHCND:USW00094728
2025-06-16,69,GHCND:USW00094728
2025-06-17,67,GHCND:USW00094728
2025-06-18,84,GHCND:USW00094728
2025-06-19,88,GHCND:USW00094728
2025-06-20,82,GHCND:USW00094728
2025-06-21,86,GHCND:USW00094728
2025-06-22,88,GHCND:USW00094728
2025-06-23,96,GHCND:USW00094728
2025-06-24,99,GHCND:USW00094728
2025-06-25,96,GHCND:USW00094728
2025-06-26,85,GHCND:USW00094728
2025-06-27,72,GHCND:USW00094728
2025-06-28,83,GHCND:USW00094728
2025-06-29,89,GHCND:USW00094728
2025-06-30,90,GHCND:USW00094728
2025-07-01,89,GHCND:USW00094728
2025-07-02,84,GHCND:USW00094728
2025-07-03,88,GHCND:USW00094728
2025-07-04,83,GHCND:USW00094728
2025-07-05,84,GHCND:USW00094728
2025-07-06,87,GHCND:USW00094728
2025-07-07,87,GHCND:USW00094728
2025-07-08,93,GHCND:USW00094728
2025-07-09,90,GHCND:USW00094728
2025-07-10,84,GHCND:USW00094728
2025-07-11,84,GHCND:USW00094728
2025-07-12,83,GHCND:USW00094728
2025-07-13,83,GHCND:USW00094728
2025-07-14,85,GHCND:USW00094728
2025-07-15,86,GHCND:USW00094728
2025-07-16,87,GHCND:USW00094728
2025-07-17,90,GHCND:USW00094728
2025-07-18,82,GHCND:USW00094728
2025-07-19,81,GHCND:USW00094728
2025-07-20,88,GHCND:USW00094728
2025-07-21,85,GHCND:USW00094728
2025-07-22,81,GHCND:USW00094728
2025-07-23,80,GHCND:USW00094728
2025-07-24,87,GHCND:USW00094728
2025-07-25,95,GHCND:USW00094728
2025-07-26,85,GHCND:USW00094728
2025-07-27,84,GHCND:USW00094728
2025-07-28,94,GHCND:USW00094728
2025-07-29,97,GHCND:USW00094728
2025-07-30,95,GHCND:USW00094728
2025-07-31,89,GHCND:USW00094728
2025-08-01,73,GHCND:USW00094728
2025-08-02,80,GHCND:USW00094728
2025-08-03,84,GHCND:USW00094728
2025-08-04,89,GHCND:USW00094728
2025-08-05,86,GHCND:USW00094728
2025-08-06,79,GHCND:USW00094728
2025-08-07,81,GHCND:USW00094728
2025-08-08,82,GHCND:USW00094728
2025-08-09,85,GHCND:USW00094728
2025-08-10,90,GHCND:USW00094728
2025-08-11,89,GHCND:USW00094728
2025-08-12,91,GHCND:USW00094728
2025-08-13,89,GHCND:USW00094728
2025-08-14,89,GHCND:USW00094728
2025-08-15,89,GHCND:USW00094728
2025-08-16,84,GHCND:USW00094728
2025-08-17,91,GHCND:USW00094728
2025-08-18,75,GHCND:USW00094728
2025-08-19,77,GHCND:USW00094728
2025-08-20,70,GHCND:USW00094728
2025-08-21,72,GHCND:USW00094728
2025-08-22,83,GHCND:USW00094728
2025-08-23,82,GHCND:USW00094728
2025-08-24,80,GHCND:USW00094728
2025-08-25,86,GHCND:USW00094728
2025-08-26,79,GHCND:USW00094728
2025-08-27,75,GHCND:USW00094728
2025-08-28,78,GHCND:USW00094728
2025-08-29,78,GHCND:USW00094728
2025-08-30,76,GHCND:USW00094728
2025-08-31,79,GHCND:USW00094728
2025-09-01,78,GHCND:USW00094728
2025-09-02,79,GHCND:USW00094728
2025-09-03,79,GHCND:USW00094728
2025-09-04,77,GHCND:USW00094728
2025-09-05,82,GHCND:USW00094728
2025-09-06,86,GHCND:USW00094728
2025-09-07,69,GHCND:USW00094728
2025-09-08,73,GHCND:USW00094728
2025-09-09,73,GHCND:USW00094728
2025-09-10,73,GHCND:USW00094728
2025-09-11,79,GHCND:USW00094728
2025-09-12,78,GHCND:USW00094728
2025-09-13,77,GHCND:USW00094728
2025-09-14,81,GHCND:USW00094728
2025-09-15,79,GHCND:USW00094728
2025-09-16,74,GHCND:USW00094728
2025-09-17,70,GHCND:USW00094728
2025-09-18,83,GHCND:USW00094728
2025-09-19,84,GHCND:USW00094728
2025-09-20,73,GHCND:USW00094728
2025-09-21,71,GHCND:USW00094728
2025-09-22,73,GHCND:USW00094728
2025-09-23,83,GHCND:USW00094728
2025-09-24,80,GHCND:USW00094728
2025-09-25,77,GHCND:USW00094728
2025-09-26,82,GHCND:USW00094728
2025-09-27,79,GHCND:USW00094728
2025-09-28,83,GHCND:USW00094728
2025-09-29,78,GHCND:USW00094728
2025-09-30,81,GHCND:USW00094728
2025-10-01,69,GHCND:USW00094728
2025-10-02,66,GHCND:USW00094728
2025-10-03,71,GHCND:USW00094728
2025-10-04,82,GHCND:USW00094728
2025-10-05,84,GHCND:USW00094728
2025-10-06,80,GHCND:USW00094728
2025-10-07,80,GHCND:USW00094728
2025-10-08,72,GHCND:USW00094728
2025-10-09,59,GHCND:USW00094728
2025-10-10,62,GHCND:USW00094728
2025-10-11,64,GHCND:USW00094728
2025-10-12,63,GHCND:USW00094728
2025-10-13,58,GHCND:USW00094728
2025-10-14,61,GHCND:USW00094728
2025-10-15,68,GHCND:USW00094728
2025-10-16,61,GHCND:USW00094728
2025-10-17,63,GHCND:USW00094728
2025-10-18,65,GHCND:USW00094728
2025-10-19,70,GHCND:USW00094728
2025-10-20,68,GHCND:USW00094728
2025-10-21,66,GHCND:USW00094728
2025-10-22,62,GHCND:USW00094728
2025-10-23,60,GHCND:USW00094728
2025-10-24,59,GHCND:USW00094728
2025-10-25,58,GHCND:USW00094728
2025-10-26,59,GHCND:USW00094728
2025-10-27,55,GHCND:USW00094728
2025-10-28,54,GHCND:USW00094728
2025-10-29,56,GHCND:USW00094728
2025-10-30,63,GHCND:USW00094728
2025-10-31,58,GHCND:USW00094728
2025-11-01,58,GHCND:USW00094728
2025-11-02,59,GHCND:USW00094728
2025-11-03,59,GHCND:USW00094728
2025-11-04,59,GHCND:USW00094728
2025-11-05,66,GHCND:USW00094728
2025-11-06,57,GHCND:USW00094728
2025-11-07,61,GHCND:USW00094728
2025-11-08,65,GHCND:USW00094728
2025-11-09,63,GHCND:USW00094728
2025-11-10,59,GHCND:USW00094728
2025-11-11,41,GHCND:USW00094728
2025-11-12,50,GHCND:USW00094728
2025-11-13,51,GHCND:USW00094728
2025-11-14,51,GHCND:USW00094728
2025-11-15,50,GHCND:USW00094728
2025-11-16,56,GHCND:USW00094728
2025-11-17,44,GHCND:USW00094728
2025-11-18,45,GHCND:USW00094728
2025-11-19,47,GHCND:USW00094728
2025-11-20,47,GHCND:USW00094728
2025-11-21,52,GHCND:USW00094728
2025-11-22,52,GHCND:USW00094728
2025-11-23,49,GHCND:USW00094728
2025-11-24,52,GHCND:USW00094728
2025-11-25,58,GHCND:USW00094728
2025-11-26,59,GHCND:USW00094728
2025-11-27,49,GHCND:USW00094728
2025-11-28,43,GHCND:USW00094728
2025-11-29,42,GHCND:USW00094728
2025-11-30,47,GHCND:USW00094728
2025-12-01,43,GHCND:USW00094728
2025-12-02,40,GHCND:USW00094728
2025-12-03,41,GHCND:USW00094728
2025-12-04,41,GHCND:USW00094728
2025-12-05,32,GHCND:USW00094728
2025-12-06,42,GHCND:USW00094728
2025-12-07,43,GHCND:USW00094728
2025-12-08,38,GHCND:USW00094728
2025-12-09,35,GHCND:USW00094728
2025-12-10,47,GHCND:USW00094728
2025-12-11,41,GHCND:USW00094728
2025-12-12,35,GHCND:USW00094728
2025-12-13,41,GHCND:USW00094728
2025-12-14,33,GHCND:USW00094728
2025-12-15,29,GHCND:USW00094728
2025-12-16,32,GHCND:USW00094728
2025-12-17,47,GHCND:USW00094728
2025-12-18,50,GHCND:USW00094728
2025-12-19,58,GHCND:USW00094728
2025-12-20,38,GHCND:USW00094728
2025-12-21,46,GHCND:USW00094728
2025-12-22,39,GHCND:USW00094728
2025-12-23,40,GHCND:USW00094728
2025-12-24,46,GHCND:USW00094728
2025-12-25,49,GHCND:USW00094728
2025-12-26,29,GHCND:USW00094728
2025-12-27,31,GHCND:USW00094728
2025-12-28,39,GHCND:USW00094728
2025-12-29,49,GHCND:USW00094728
2025-12-30,33,GHCND:USW00094728
2025-12-31,33,GHCND:USW00094728
2026-01-01,36,GHCND:USW00094728
2026-01-02,30,GHCND:USW00094728
2026-01-03,30,GHCND:USW00094728
2026-01-04,35,GHCND:USW00094728
2026-01-05,39,GHCND:USW00094728
2026-01-06,42,GHCND:USW00094728
2026-01-07,49,GHCND:USW00094728
2026-01-08,50,GHCND:USW00094728
2026-01-09,54,GHCND:USW00094728
2026-01-10,52,GHCND:USW00094728
2026-01-11,47,GHCND:USW00094728
2026-01-12,41,GHCND:USW00094728
2026-01-13,48,GHCND:USW00094728
2026-01-14,52,GHCND:USW00094728
2026-01-15,47,GHCND:USW00094728
2026-01-16,34,GHCND:USW00094728
2026-01-17,39,GHCND:USW00094728
2026-01-18,36,GHCND:USW00094728
2026-01-19,32,GHCND:USW00094728
2026-01-20,26,GHCND:USW00094728
2026-01-21,40,GHCND:USW00094728
2026-01-22,47,GHCND:USW00094728
2026-01-23,38,GHCND:USW00094728
2026-01-24,17,GHCND:USW00094728
2026-01-25,22,GHCND:USW00094728
2026-01-26,27,GHCND:USW00094728
2026-01-27,22,GHCND:USW00094728
2026-01-28,23,GHCND:USW00094728
2026-01-29,23,GHCND:USW00094728
2026-01-30,18,GHCND:USW00094728
2026-01-31,24,GHCND:USW00094728
2026-02-01,24,GHCND:USW00094728
2026-02-02,35,GHCND:USW00094728
2026-02-03,33,GHCND:USW00094728
2026-02-04,33,GHCND:USW00094728
2026-02-05,32,GHCND:USW00094728
2026-02-06,33,GHCND:USW00094728
2026-02-07,27,GHCND:USW00094728
2026-02-08,18,GHCND:USW00094728
2026-02-09,31,GHCND:USW00094728
2026-02-10,37,GHCND:USW00094728
2026-02-11,41,GHCND:USW00094728
2026-02-12,36,GHCND:USW00094728
2026-02-13,38,GHCND:USW00094728
2026-02-14,46,GHCND:USW00094728
2026-02-15,40,GHCND:USW00094728
2026-02-16,39,GHCND:USW00094728
2026-02-17,47,GHCND:USW00094728
2026-02-18,41,GHCND:USW00094728
2026-02-19,42,GHCND:USW00094728
2026-02-20,37,GHCND:USW00094728
2026-02-21,46,GHCND:USW00094728
2026-02-22,39,GHCND:USW00094728
2026-02-23,35,GHCND:USW00094728
2026-02-24,31,GHCND:USW00094728
2026-02-25,44,GHCND:USW00094728
2026-02-26,49,GHCND:USW00094728
2026-02-27,44,GHCND:USW00094728
2026-02-28,54,GHCND:USW00094728
2026-03-01,43,GHCND:USW00094728
2026-03-02,33,GHCND:USW00094728
2026-03-03,36,GHCND:USW00094728
2026-03-04,49,GHCND:USW00094728
2026-03-05,46,GHCND:USW00094728
2026-03-06,41,GHCND:USW00094728
2026-03-07,52,GHCND:USW00094728
2026-03-08,69,GHCND:USW00094728
2026-03-09,73,GHCND:USW00094728
2026-03-10,80,GHCND:USW00094728
2026-03-11,72,GHCND:USW00094728
2026-03-12,63,GHCND:USW00094728
2026-03-13,42,GHCND:USW00094728
2026-03-14,51,GHCND:USW00094728
2026-03-15,48,GHCND:USW00094728
2026-03-16,57,GHCND:USW00094728
2026-03-17,48,GHCND:USW00094728
2026-03-18,37,GHCND:USW00094728
2026-03-19,44,GHCND:USW00094728
2026-03-20,57,GHCND:USW00094728
2026-03-21,59,GHCND:USW00094728
2026-03-22,63,GHCND:USW00094728
2026-03-23,50,GHCND:USW00094728
2026-03-24,48,GHCND:USW00094728
2026-03-25,54,GHCND:USW00094728
2026-03-26,76,GHCND:USW00094728
2026-03-27,65,GHCND:USW00094728
2026-03-28,44,GHCND:USW00094728
2026-03-29,54,GHCND:USW00094728
2026-03-30,73,GHCND:USW00094728
2026-03-31,81,GHCND:USW00094728
2026-04-01,80,GHCND:USW00094728
2026-04-02,51,GHCND:USW00094728
2026-04-03,66,GHCND:USW00094728
2026-04-04,73,GHCND:USW00094728
2026-04-05,57,GHCND:USW00094728
2026-04-06,56,GHCND:USW00094728
2026-04-07,56,GHCND:USW00094728
2026-04-08,51,GHCND:USW00094728
2026-04-09,51,GHCND:USW00094728
2026-04-10,63,GHCND:USW00094728
2026-04-11,63,GHCND:USW00094728
2026-04-12,55,GHCND:USW00094728
2026-04-13,79,GHCND:USW00094728
2026-04-14,87,GHCND:USW00094728
2026-04-15,90,GHCND:USW00094728
2026-04-16,89,GHCND:USW00094728
2026-04-17,81,GHCND:USW00094728
2026-04-18,66,GHCND:USW00094728
2026-04-19,53,GHCND:USW00094728
2026-04-20,51,GHCND:USW00094728
2026-04-21,54,GHCND:USW00094728
2026-04-22,56,GHCND:USW00094728
2026-04-23,73,GHCND:USW00094728
2026-04-24,68,GHCND:USW00094728
2026-04-25,50,GHCND:USW00094728
2026-04-26,57,GHCND:USW00094728
2026-04-27,68,GHCND:USW00094728
2026-04-28,65,GHCND:USW00094728
2026-04-29,62,GHCND:USW00094728
2026-04-30,60,GHCND:USW00094728
2026-05-01,64,GHCND:USW00094728
2026-05-02,61,GHCND:USW00094728
2026-05-03,59,GHCND:USW00094728
2026-05-04,72,GHCND:USW00094728
2026-05-05,81,GHCND:USW00094728
2026-05-06,71,GHCND:USW00094728
2026-05-07,64,GHCND:USW00094728
2026-05-08,63,GHCND:USW00094728
2026-05-09,65,GHCND:USW00094728
2026-05-10,73,GHCND:USW00094728
2026-05-11,61,GHCND:USW00094728
2026-05-12,66,GHCND:USW00094728
2026-05-13,72,GHCND:USW00094728
2026-05-14,66,GHCND:USW00094728
2026-05-15,66,GHCND:USW00094728
2026-05-16,80,GHCND:USW00094728
2026-05-17,87,GHCND:USW00094728
2026-05-18,88,GHCND:USW00094728
2026-05-19,93,GHCND:USW00094728
2026-05-20,92,GHCND:USW00094728
2026-05-21,66,GHCND:USW00094728
2026-05-22,68,GHCND:USW00094728
2026-05-23,57,GHCND:USW00094728
2026-05-24,56,GHCND:USW00094728
2026-05-25,73,GHCND:USW00094728
2026-05-26,79,GHCND:USW00094728
2026-05-27,81,GHCND:USW00094728
2026-05-28,75,GHCND:USW00094728
2026-05-29,75,GHCND:USW00094728
2026-05-30,69,GHCND:USW00094728
2026-05-31,75,GHCND:USW00094728
2026-06-01,71,GHCND:USW00094728
2026-06-02,76,GHCND:USW00094728
2026-06-03,83,GHCND:USW00094728
2026-06-04,86,GHCND:USW00094728
2026-06-05,88,GHCND:USW00094728
2026-06-06,87,GHCND:USW00094728
2026-06-07,81,GHCND:USW00094728
2026-06-08,75,GHCND:USW00094728
2026-06-09,79,GHCND:USW00094728
2026-06-10,82,GHCND:USW00094728
2026-06-11,91,GHCND:USW00094728
2026-06-12,90,GHCND:USW00094728
2026-06-13,85,GHCND:USW00094728
2026-06-14,87,GHCND:USW00094728
2026-06-15,74,GHCND:USW00094728
2026-06-16,76,GHCND:USW00094728
2026-06-17,78,GHCND:USW00094728
2026-06-18,86,GHCND:USW00094728
2026-06-19,81,GHCND:USW00094728
2026-06-20,81,GHCND:USW00094728
2026-06-21,82,GHCND:USW00094728
2026-06-22,73,GHCND:USW00094728
2026-06-23,71,GHCND:USW00094728
2026-06-24,82,GHCND:USW00094728
2026-06-25,83,GHCND:USW00094728
2026-06-26,80,GHCND:USW00094728
2026-06-27,78,GHCND:USW00094728
2026-06-28,82,GHCND:USW00094728
2026-06-29,88,GHCND:USW00094728
2026-06-30,87,GHCND:USW00094728
2026-07-01,93,GHCND:USW00094728
2026-07-02,100,GHCND:USW00094728
2026-07-03,98,GHCND:USW00094728
2026-07-04,94,GHCND:USW00094728
2026-07-05,81,GHCND:USW00094728
2026-07-06,69,GHCND:USW00094728
2026-07-07,70,GHCND:USW00094728
2026-07-08,85,GHCND:USW00094728
2026-07-09,82,GHCND:USW00094728
2026-07-10,85,GHCND:USW00094728
2026-07-11,82,GHCND:USW00094728
2026-07-12,84,GHCND:USW00094728
2026-07-13,84,GHCND:USW00094728
2026-07-14,90,GHCND:USW00094728
2026-07-15,95,GHCND:USW00094728
2026-07-16,85,GHCND:USW00094728
2026-07-17,86,GHCND:USW00094728
2026-07-18,76,GHCND:USW00094728
2026-07-19,79,GHCND:USW00094728
2026-07-20,81,GHCND:USW00094728
2026-07-21,81,GHCND:USW00094728
2026-07-22,85,GHCND:USW00094728
2026-07-23,79,GHCND:USW00094728
2026-07-24,83,GHCND:USW00094728
2026-07-25,81,GHCND:USW00094728
2026-07-26,85,GHCND:USW00094728
2026-07-27,83,GHCND:USW00094728
2026-07-28,79,GHCND:USW00094728
2026-07-29,80,GHCND:USW00094728
2026-07-30,74,GHCND:USW00094728
2026-07-31,85,GHCND:USW00094728
2026-08-01,86,GHCND:USW00094728
2026-08-02,83,GHCND:USW00094728
2026-08-03,80,GHCND:USW00094728
2026-08-04,84,GHCND:USW00094728
2026-08-05,83,GHCND:USW00094728
2026-08-06,88,GHCND:USW00094728
2026-08-07,91,GHCND:USW00094728
2026-08-08,87,GHCND:USW00094728
2026-08-09,88,GHCND:USW00094728
2026-08-10,85,GHCND:USW00094728
2026-08-11,85,GHCND:USW00094728
2026-08-12,84,GHCND:USW00094728
2026-08-13,85,GHCND:USW00094728
2026-08-14,84,GHCND:USW00094728
2026-08-15,83,GHCND:USW00094728
2026-08-16,80,GHCND:USW00094728
2026-08-17,81,GHCND:USW00094728
2026-08-18,86,GHCND:USW00094728
2026-08-19,85,GHCND:USW00094728
2026-08-20,84,GHCND:USW00094728
2026-08-21,79,GHCND:USW00094728
2026-08-22,77,GHCND:USW00094728
2026-08-23,80,GHCND:USW00094728
2026-08-24,79,GHCND:USW00094728
2026-08-25,78,GHCND:USW00094728
2026-08-26,81,GHCND:USW00094728
2026-08-27,77,GHCND:USW00094728
2026-08-28,84,GHCND:USW00094728
2026-08-29,76,GHCND:USW00094728
2026-08-30,79,GHCND:USW00094728
2026-08-31,78,GHCND:USW00094728
2026-09-01,82,GHCND:USW00094728
2026-09-02,71,GHCND:USW00094728
2026-09-03,84,GHCND:USW00094728
2026-09-04,84,GHCND:USW00094728
2026-09-05,79,GHCND:USW00094728
2026-09-06,76,GHCND:USW00094728
2026-09-07,78,GHCND:USW00094728
2026-09-08,80,GHCND:USW00094728
2026-09-09,82,GHCND:USW00094728
2026-09-10,84,GHCND:USW00094728
2026-09-11,79,GHCND:USW00094728
2026-09-12,78,GHCND:USW00094728
2026-09-13,79,GHCND:USW00094728
